variant,document_id,partition,split,pages,recorded_model,parser_version,cost_usd,calls,error,upstream_error,source_sha256,artifact_sha256,original_record_sha256,upstream_record_sha256,upstream_accuracy,upstream_array_record_accuracy,upstream_array_record_f1,upstream_array_record_precision,upstream_array_record_recall,upstream_array_record_row_count_ratio,upstream_confidence_scoped_auc,upstream_confidence_scoped_coverage_at_95pct_precision,upstream_confidence_scoped_normalized_auc,upstream_confidence_scoped_precision_at_80pct_coverage,upstream_confidence_scoped_unique_value_count,upstream_confidence_signal_coverage,upstream_extract_evidence_bbox_IOU_alignment,upstream_extract_evidence_bbox_IOU_pass_rate,upstream_extract_evidence_bbox_coverage,upstream_extract_evidence_bbox_covered_pass_rate,upstream_extract_evidence_page_covered_pass_rate,upstream_extract_evidence_page_pass_rate,upstream_extract_evidence_value_pass_rate,upstream_extract_unified_grounded_f1,upstream_extract_unified_grounded_precision,upstream_extract_unified_grounded_recall,upstream_extract_unified_page_f1,upstream_extract_unified_page_precision,upstream_extract_unified_page_recall,upstream_extract_unified_value_f1,upstream_extract_unified_value_precision,upstream_extract_unified_value_recall
fields,07021-2016-p0018,dev,short,1,,2.14.4,0.016493484,70,,,"""9a21e0920e98714a567ddc9394349f7978692ed380bce208dcbfd20044104597""","{""pdf_sha256"":""e667acf072151b34ddaee54965db1c838855019efce443d610c826b21472cdb5"",""schema_sha256"":""30623361bad97ee66e685ddc8d0e859150ec2019b914757799140b776e80938a""}",9f138b73b85ecc6a483cd922a952d825b8a1d8ded0a4bdac6f6219aa703f28f1,9c070e6678a4fb0b61113f54ea2dfb36849281609cb166caf6eb13681d47f750,0.4565776178133693,0.44680851063829785,0.4117647058823529,0.38181818181818183,0.44680851063829785,3.0,0.0,0.0,0.0,0.0,0.0,0.0,0.04385455687887336,0.0,0.3333333333333333,0.0,0.13333333333333333,0.06896551724137931,0.1724137931034483,0.0,0.0,0.0,0.1,0.15384615384615385,0.07407407407407407,0.4117647058823529,0.38181818181818183,0.44680851063829785
fields,H9-53-59_60,dev,short,1,,2.14.4,0.010331453999999999,49,,,"""9a21e0920e98714a567ddc9394349f7978692ed380bce208dcbfd20044104597""","{""pdf_sha256"":""3138b0b9eb5558bd7a4926da7fd6fcbe9dc6416d598bf3b8a45721151bfb28b4"",""schema_sha256"":""3ed88269aa3b306944b365be830ad89677350e0630dcc2173bad72cef7e3041a""}",afe16bc562979eba826305de6a28c19bddcb161abba404c7b69463dbb612328d,a7c89fc71a4bfb436691d0c9ac2b93478f11d9db14f647f54064cfe18d3776d6,0.5009626839241443,0.46551724137931033,0.46551724137931033,0.46551724137931033,0.46551724137931033,1.0,0.0,0.0,0.0,0.0,0.0,0.0,0.640441326831655,0.1160965292076423,0.19230769230769232,0.17307692307692307,0.6521739130434783,0.32142857142857145,0.625,0.21875,0.7,0.12962962962962962,0.32911392405063294,0.5909090909090909,0.22807017543859648,0.5862068965517241,0.5862068965517241,0.5862068965517241
fields,P4-Historical Single Signature83-10963_5480,dev,short,1,,2.14.4,0.013127981999999998,57,,,"""9a21e0920e98714a567ddc9394349f7978692ed380bce208dcbfd20044104597""","{""pdf_sha256"":""91e6c084622131653977e8e0f244fe4f13dbae34c8509172948939bdc94d1076"",""schema_sha256"":""c50c32330a96e7259cd4a5a5125dbae3dacc48136407eb1882f2c5f5d2388b6c""}",d1f97984e655eef34cac7f999819cdd679564180743e275241d85b143241573e,46fe2c829f12a3501a8ebbaca637329987bb89fad587cf5edeb51d9b244f7904,0.8715972420960534,0.8461538461538461,0.8461538461538461,0.8461538461538461,0.8461538461538461,0.0,0.0,0.0,0.0,0.0,0.0,0.0,0.5057513467869643,0.07279442186922526,0.15,0.125,0.7142857142857143,0.38461538461538464,0.8653846153846154,0.13043478260869565,0.5,0.075,0.25396825396825395,0.5714285714285714,0.16326530612244897,0.8653846153846154,0.8653846153846154,0.8653846153846154
fields,W14-58509_W14 2nd sub revised,dev,short,1,,2.14.4,0.06920844000000004,238,,,"""9a21e0920e98714a567ddc9394349f7978692ed380bce208dcbfd20044104597""","{""pdf_sha256"":""22511db4eda31b6cba04e88fc8732c47e00d191d81cc9468c4e1366214f4901a"",""schema_sha256"":""7ad6ae99b204297b28920683d028ff9ef71b35a455b7a34a7f2363fd474d5d45""}",050b382cdbeea26463c3d8c97ce1e1676fe343b36a48354771c9fc5001d490d3,89c861d01bdafbae7c72898f8dac80c6798c5adec383d2767b333c1a9551e502,0.6464596798890814,0.8097345132743363,0.7803837953091685,0.7530864197530864,0.8097345132743363,1.25,0.0,0.0,0.0,0.0,0.0,0.0,0.292590468890217,0.05828687949091622,0.3523809523809524,0.11428571428571428,0.5657894736842105,0.5068493150684932,0.678082191780822,0.13533834586466167,0.42857142857142855,0.08035714285714286,0.35810810810810806,0.7464788732394366,0.23555555555555555,0.814498933901919,0.7860082304526749,0.8451327433628318
fields,baker_hughes_earnings_deck_q4fy25,dev,medium,25,,2.14.4,0.012487482000000001,38,,,"""9a21e0920e98714a567ddc9394349f7978692ed380bce208dcbfd20044104597""","{""pdf_sha256"":""0aacb98fdb9ee986940f4b1c348f403acfaa42d32621a22909c6f3abb0f75f8f"",""schema_sha256"":""9c44694c086d54a67e6f397dc2ed9f7c103738a4de5811d0395bba71a6261338""}",c10409ac4df643ed8250b59082b49b0139cb6c26d23f0942d09dbb347707d4a7,e23697b898a529ac2f1a4f6a097b9743a59843d1d09f5b4b2b10fe5d5d9a29f9,0.4571060276860252,0.35,0.4117647058823529,0.5,0.35,0.0,0.0,0.0,0.0,0.0,0.0,0.0,,,,,0.0,0.23809523809523808,0.3333333333333333,,,,0.0,0.0,0.0,0.4117647058823529,0.5,0.35
fields,ccc_online_0012_chubb_dodge_durango_corrupted,dev,medium,17,,2.14.4,0.028215263999999986,111,,,"""9a21e0920e98714a567ddc9394349f7978692ed380bce208dcbfd20044104597""","{""pdf_sha256"":""3b36e3cc0c65b1bfa82bc668ac92ea4c7b0bd40fb42640cd155af4877157cba1"",""schema_sha256"":""97bc56fc0019939b8f89e45349601a7d6962f7f15b962b6ed32b8aa0c43e1939""}",0215f015cd170eaf029f63c8218950852ed7c907158bff30b3c87296182df0fa,11d52e6cd95cfab466046e8731811c1053a72ab732956f93b1eaf36f9307fd93,0.06863346032342121,0.056910569105691054,0.09722222222222222,0.3333333333333333,0.056910569105691054,0.0,0.0,0.0,0.0,0.0,0.0,0.0,,,,,0.0,0.031746031746031744,0.05555555555555555,,,,0.0,0.0,0.0,0.09722222222222222,0.3333333333333333,0.056910569105691054
fields,cfpb_closing-disclosure_filled-sample_corrupted,dev,short,5,,2.14.4,0.04980540600000002,165,,,"""9a21e0920e98714a567ddc9394349f7978692ed380bce208dcbfd20044104597""","{""pdf_sha256"":""257964ee735970ddf25d6dd56b3e34af80fcca8c473f9cc79eb8388ea253bc7b"",""schema_sha256"":""166b66fcdeba068088c5d867c232204bbff04cd0b3bac9badabaa4f95e0d655e""}",273ed8665c471dc47e3e84e31fc23b946fb82e375bf57c1ffa567511b2a5eb07,d15880e9c359b7969688e348a973bc2b484addb9003e5a429bf14a2a691ecf81,0.06710352371642694,0.11612903225806452,0.18556701030927836,0.46153846153846156,0.11612903225806452,0.13157894736842105,0.0,0.0,0.0,0.0,0.0,0.0,,,,,0.027972027972027972,0.05750798722044728,0.12779552715654952,,,,,,,0.18556701030927836,0.46153846153846156,0.11612903225806452
fields,gsa_mas_it_labor_0010,dev,medium,15,,2.14.4,0.015420468000000001,51,,,"""9a21e0920e98714a567ddc9394349f7978692ed380bce208dcbfd20044104597""","{""pdf_sha256"":""f635fa705077b35a36859509c0094cf6a17f1bd6d29c830bced79183ddc3be58"",""schema_sha256"":""27a32c93f440da9aaa09878c85e8185c47eef79f2d42843d4ff878498bf7a573""}",35a990ed4ab649cd98c1a2587844acd6ab16996d6d18972b7627686c1a383520,90717b42151cf142c5a657bf8c567e7e970990905c3aece73196492f428e65c5,0.06060606060606061,0.06060606060606061,0.1111111111111111,0.6666666666666666,0.06060606060606061,0.0,0.0,0.0,0.0,0.0,0.0,0.0,,,,,0.0,0.0,0.06060606060606061,,,,,,,0.1111111111111111,0.6666666666666666,0.06060606060606061
fields,mcdonalds_receipt_chicago_documentcloud,dev,short,1,,2.14.4,0.00350574,11,,,"""9a21e0920e98714a567ddc9394349f7978692ed380bce208dcbfd20044104597""","{""pdf_sha256"":""7733dfb56fe7f3b58d5f9070463d1f9341a44794f871c5aaacccb6278ac5ddd6"",""schema_sha256"":""0b8525756617e8df86ef0599fb3b7b4a3c81a9cab45d9e6dd38fe11c51473d84""}",e69352fb90b198ac873a75b62382c02d79bd1d45ae5ecf3995e0fcba3942b2fb,d86d91936004395b604ce8da650f3783d6055e489eb71aeb48612ce26bfc7281,0.28894526290210604,0.5098039215686274,0.48148148148148145,0.45614035087719296,0.5098039215686274,1.1666666666666667,0.0,0.0,0.0,0.0,0.0,0.0,,,,,0.0,0.18181818181818182,0.38181818181818183,,,,,,,0.4912280701754386,0.4666666666666667,0.5185185185185185
fields,ms_medicaid_ra_adjustments_corrupted,dev,short,4,,2.14.4,0.008470056,32,,,"""9a21e0920e98714a567ddc9394349f7978692ed380bce208dcbfd20044104597""","{""pdf_sha256"":""9b17b95061663faaa627a2fb38558cc2a4e030a7e9669755b1e0e2792a83bf4e"",""schema_sha256"":""13eaa707b5ac17f2c0deef4667980b1ee49b2113f51f1c5eabdf266e4b1b5db5""}",aef12515d76c4ee584ddcb7544a0482f1dc1d6ff0d5effa5a3be92b26865a16d,86310992379184319d2b6be49ebcdf19ffd75ca8ee05a0ef7ed979a37c5a8626,0.0,0.0,0.0,0.0,0.0,0.0,0.0,0.0,0.0,0.0,0.0,0.0,,,,,0.0,0.0,0.0,,,,,,,0.0,0.0,0.0
fields,sec_13f_0026_brown_brothers_harriman,dev,long,55,,2.14.4,0.07597522799999999,187,,,"""9a21e0920e98714a567ddc9394349f7978692ed380bce208dcbfd20044104597""","{""pdf_sha256"":""4787d70ca373866d0e595f923c9305d0759e63f7dd7128e070b78efbf3632283"",""schema_sha256"":""213162a02c73274888105e01841954b374bf7e76f4b89a13bd4012e54d267862""}",0e6690271e4123989515a0ae6cd25d519b7ce378a6adf442a9f3b6098c95c779,df80ddf66003e77343e10784eaa79f3357d0da4355b4a9f25578e98486c32508,4.348204191668841e-05,0.014645426515930112,0.02876899005703326,0.8073654390934845,0.014645426515930112,0.018089315997738834,0.0,0.0,0.0,0.0,0.0,0.0,0.0014413245280520258,0.0009887518353801558,0.0220894123161657,0.011308372883342122,0.014132278123233465,0.012479346030089574,0.01634924776067484,0.00175561797752809,0.7142857142857143,0.0008788890841975743,0.021515326778484674,0.8340807174887892,0.01089822464404992,0.02963912022207986,0.8321342925659473,0.015088268545090877
fields,utah_fleet_rate_schedule_fy2024,dev,short,2,,2.14.4,0.009720816000000004,38,,,"""9a21e0920e98714a567ddc9394349f7978692ed380bce208dcbfd20044104597""","{""pdf_sha256"":""0b3841123954a66b6eec5cc0cd75c42c58910e6ac0558a65bdb21591af6bcc30"",""schema_sha256"":""8d2100fb3b42f63411a8a3e12b615f0247d4b2b50331a715a4fa980a6b54b23c""}",e7e91920c3eba3ac596bd80eae635c1c63aa4321c25ef4790f50f1dcc0d8631d,c2cb426572d6ed089688536cbc00a0ff7742854437fb6e7136a04b2c185f286e,0.6460819624404867,0.5941176470588235,0.5738636363636364,0.554945054945055,0.5941176470588235,1.0714285714285714,0.0,0.0,0.0,0.0,0.0,0.0,,,,,0.0,0.0,0.6140350877192983,,,,,,,0.5795454545454546,0.5604395604395604,0.6
hierarchical,07021-2016-p0018,dev,short,1,,2.14.4,0.011248566000000002,41,,,"""daf221d74779ae86c52197f3382da91683ffe29381f5bf0494908ba1b70858dd""","{""pdf_sha256"":""e667acf072151b34ddaee54965db1c838855019efce443d610c826b21472cdb5"",""schema_sha256"":""30623361bad97ee66e685ddc8d0e859150ec2019b914757799140b776e80938a""}",56957356d0afa2050957a51d29e87bc3a9c83f848dd255afa91a5a11739047a2,46c4ad245e5c95d8e411e8aa527011136705db08d93aad02aeb43ca8fa34c10b,0.3729519423103874,0.40425531914893614,0.41304347826086957,0.4222222222222222,0.40425531914893614,0.5,0.0,0.0,0.0,0.0,0.0,0.0,0.10096845815481349,0.007479145048504703,0.07407407407407407,0.037037037037037035,0.75,0.10344827586206896,0.2413793103448276,0.0,0.0,0.0,0.06451612903225806,0.25,0.037037037037037035,0.41304347826086957,0.4222222222222222,0.40425531914893614
hierarchical,H9-53-59_60,dev,short,1,,2.14.4,0.013496825999999996,53,,,"""daf221d74779ae86c52197f3382da91683ffe29381f5bf0494908ba1b70858dd""","{""pdf_sha256"":""3138b0b9eb5558bd7a4926da7fd6fcbe9dc6416d598bf3b8a45721151bfb28b4"",""schema_sha256"":""3ed88269aa3b306944b365be830ad89677350e0630dcc2173bad72cef7e3041a""}",636a0b94641bc057d94800288ef194fc4da680902ec9e69e1b015a83744bdba5,6a538f11fca77831dac70e9df11dea029297e8a824dfacc149f146bc64058af9,0.36314585515903974,0.3103448275862069,0.32142857142857145,0.3333333333333333,0.3103448275862069,0.0,0.0,0.0,0.0,0.0,0.0,0.0,0.6419281018339205,0.20167405903928648,0.34615384615384615,0.28846153846153844,0.8095238095238095,0.35714285714285715,0.6071428571428571,0.3611111111111111,0.7222222222222222,0.24074074074074073,0.358974358974359,0.6666666666666666,0.24561403508771928,0.5535714285714285,0.5740740740740741,0.5344827586206896
hierarchical,P4-Historical Single Signature83-10963_5480,dev,short,1,,2.14.4,0.013693974000000001,50,,,"""daf221d74779ae86c52197f3382da91683ffe29381f5bf0494908ba1b70858dd""","{""pdf_sha256"":""91e6c084622131653977e8e0f244fe4f13dbae34c8509172948939bdc94d1076"",""schema_sha256"":""c50c32330a96e7259cd4a5a5125dbae3dacc48136407eb1882f2c5f5d2388b6c""}",bfc9dd533712ba3a636b4636a9f96499bd31e0d3e701edb5e24b1ebc73ce4450,61c20b39975525be9efb846703e2a588e1b9b3390fdda848f7f2b27acf249ebe,0.5329989537874843,0.5,0.5,0.5,0.5,0.0,0.0,0.0,0.0,0.0,0.0,0.0,0.44641616714624416,0.08694833995446202,0.225,0.15,0.6428571428571429,0.36538461538461536,0.8461538461538461,0.163265306122449,0.4444444444444444,0.1,0.25396825396825395,0.5714285714285714,0.16326530612244897,0.8653846153846154,0.8653846153846154,0.8653846153846154
hierarchical,W14-58509_W14 2nd sub revised,dev,short,1,,2.14.4,0.05653103400000001,183,,,"""daf221d74779ae86c52197f3382da91683ffe29381f5bf0494908ba1b70858dd""","{""pdf_sha256"":""22511db4eda31b6cba04e88fc8732c47e00d191d81cc9468c4e1366214f4901a"",""schema_sha256"":""7ad6ae99b204297b28920683d028ff9ef71b35a455b7a34a7f2363fd474d5d45""}",f11d0b96691986e3345129b24d4c14c69a5834914b4b3d0d724465703bc5a238,c7a66b6945e1cc94a13510cb02e79f41711c3d307a686b590010974d7d931a4b,0.7033161246910965,0.7477876106194691,0.7206823027718551,0.6954732510288066,0.7477876106194691,1.25,0.0,0.0,0.0,0.0,0.0,0.0,0.5137719136130134,0.2052597966657708,0.4095238095238095,0.3238095238095238,0.8428571428571429,0.678082191780822,0.8424657534246576,0.2533333333333333,0.5,0.16964285714285715,0.37931034482758624,0.8461538461538461,0.24444444444444444,0.8230277185501067,0.7942386831275721,0.8539823008849557
hierarchical,baker_hughes_earnings_deck_q4fy25,dev,medium,25,,2.14.4,0.062443962000000054,83,,,"""daf221d74779ae86c52197f3382da91683ffe29381f5bf0494908ba1b70858dd""","{""pdf_sha256"":""0aacb98fdb9ee986940f4b1c348f403acfaa42d32621a22909c6f3abb0f75f8f"",""schema_sha256"":""9c44694c086d54a67e6f397dc2ed9f7c103738a4de5811d0395bba71a6261338""}",e1dc2aac7580d5683bc7019eea2908382e74e843b3fe2a360cc6fb5fbcc11154,cb577282c93fd9e2074312496422a32d683705c59681a386f11c28f2133f7bef,0.45085470085470086,0.35,0.4117647058823529,0.5,0.35,0.0,0.0,0.0,0.0,0.0,0.0,0.0,,,,,0.3333333333333333,0.2857142857142857,0.38095238095238093,,,,0.6666666666666666,1.0,0.5,0.47058823529411764,0.5714285714285714,0.4
hierarchical,ccc_online_0012_chubb_dodge_durango_corrupted,dev,medium,17,,2.14.4,0.11592974400000013,232,,,"""daf221d74779ae86c52197f3382da91683ffe29381f5bf0494908ba1b70858dd""","{""pdf_sha256"":""3b36e3cc0c65b1bfa82bc668ac92ea4c7b0bd40fb42640cd155af4877157cba1"",""schema_sha256"":""97bc56fc0019939b8f89e45349601a7d6962f7f15b962b6ed32b8aa0c43e1939""}",b49abbf698a96164089daee8dc7288885b2a94d5ca4e431f5c898c5382cee6e8,4ea8305cedd155f6bd4140593128faefbec59dd9d7ccc1dd77271e59ba661e1c,0.15353713718132656,0.13821138211382114,0.21794871794871798,0.5151515151515151,0.13821138211382114,0.16666666666666666,0.0,0.0,0.0,0.0,0.0,0.0,,,,,0.0,0.047619047619047616,0.15873015873015872,,,,0.0,0.0,0.0,0.21794871794871798,0.5151515151515151,0.13821138211382114
hierarchical,cfpb_closing-disclosure_filled-sample_corrupted,dev,short,5,,2.14.4,0.10655311800000011,295,,,"""daf221d74779ae86c52197f3382da91683ffe29381f5bf0494908ba1b70858dd""","{""pdf_sha256"":""257964ee735970ddf25d6dd56b3e34af80fcca8c473f9cc79eb8388ea253bc7b"",""schema_sha256"":""166b66fcdeba068088c5d867c232204bbff04cd0b3bac9badabaa4f95e0d655e""}",47a64d2b999ba2fc258a81497a497964c6e80990b1acc3ab0b4fab04c4eea7f2,8084bca29fe880645ac05cefb60fb92d4e479fa57fbe7b5c0fcad05979553c87,0.1402334403947307,0.18387096774193548,0.27403846153846156,0.5377358490566038,0.18387096774193548,0.34210526315789475,0.0,0.0,0.0,0.0,0.0,0.0,,,,,0.006896551724137931,0.04472843450479233,0.20447284345047922,,,,,,,0.27403846153846156,0.5377358490566038,0.18387096774193548
hierarchical,gsa_mas_it_labor_0010,dev,medium,15,,2.14.4,0.03798291000000004,70,,,"""daf221d74779ae86c52197f3382da91683ffe29381f5bf0494908ba1b70858dd""","{""pdf_sha256"":""f635fa705077b35a36859509c0094cf6a17f1bd6d29c830bced79183ddc3be58"",""schema_sha256"":""27a32c93f440da9aaa09878c85e8185c47eef79f2d42843d4ff878498bf7a573""}",87e8650c0a14dde0873004a1f161770984d8da722ad0b34fda2d042775145fe4,425e08869811de4075b8ca7798ed98130df556f27760189774e304e2cc6f1044,0.07121212121212121,0.06060606060606061,0.1111111111111111,0.6666666666666666,0.06060606060606061,0.0,0.0,0.0,0.0,0.0,0.0,0.0,,,,,0.0,0.0,0.06060606060606061,,,,,,,0.1111111111111111,0.6666666666666666,0.06060606060606061
hierarchical,mcdonalds_receipt_chicago_documentcloud,dev,short,1,,2.14.4,0.003140382,22,,,"""daf221d74779ae86c52197f3382da91683ffe29381f5bf0494908ba1b70858dd""","{""pdf_sha256"":""7733dfb56fe7f3b58d5f9070463d1f9341a44794f871c5aaacccb6278ac5ddd6"",""schema_sha256"":""0b8525756617e8df86ef0599fb3b7b4a3c81a9cab45d9e6dd38fe11c51473d84""}",98716f9fd8c65d8db662179f68c9ada19119208e5978c8fd381f9665d7e16dcd,1128695f8dd58fc341a3072dfaa2a67a494c0e876093af0b416ded3b5ece20a1,0.22743499186802543,0.5686274509803921,0.5370370370370371,0.5087719298245614,0.5686274509803921,1.1666666666666667,0.0,0.0,0.0,0.0,0.0,0.0,,,,,0.0,0.21818181818181817,0.43636363636363634,,,,,,,0.543859649122807,0.5166666666666667,0.5740740740740741
hierarchical,ms_medicaid_ra_adjustments_corrupted,dev,short,4,,2.14.4,0.008982035999999999,32,,,"""daf221d74779ae86c52197f3382da91683ffe29381f5bf0494908ba1b70858dd""","{""pdf_sha256"":""9b17b95061663faaa627a2fb38558cc2a4e030a7e9669755b1e0e2792a83bf4e"",""schema_sha256"":""13eaa707b5ac17f2c0deef4667980b1ee49b2113f51f1c5eabdf266e4b1b5db5""}",90ddf02ec438cf1783b42452ddd54430e10d8373b65f7957ad7c7af40cf4896f,25f43303fd7479998f7b8b7ac4749ad13d66db919a1ee8a8603dd1235e3eda8c,0.0,0.0,0.0,0.0,0.0,0.0,0.0,0.0,0.0,0.0,0.0,0.0,,,,,0.0,0.0,0.0,,,,,,,0.0,0.0,0.0
hierarchical,sec_13f_0026_brown_brothers_harriman,dev,long,55,,2.14.4,0.0,0,Jev request too large; retrieve or chunk state before sending,Jev request too large; retrieve or chunk state before sending,"""daf221d74779ae86c52197f3382da91683ffe29381f5bf0494908ba1b70858dd""","{""pdf_sha256"":""4787d70ca373866d0e595f923c9305d0759e63f7dd7128e070b78efbf3632283"",""schema_sha256"":""213162a02c73274888105e01841954b374bf7e76f4b89a13bd4012e54d267862""}",c03e6c88a4fdb173d5e79fa7b857cfdffde398040d331fd0bc38ee42f172b785,c8f31dc34230674a7abd147b09bed1cb13bd7abe6f1e3c9d3f5bd48df155dbc7,,,,,,,,,,,,,,,,,,,,,,,,,,0.0,,
hierarchical,utah_fleet_rate_schedule_fy2024,dev,short,2,,2.14.4,0.012598698000000007,88,,,"""daf221d74779ae86c52197f3382da91683ffe29381f5bf0494908ba1b70858dd""","{""pdf_sha256"":""0b3841123954a66b6eec5cc0cd75c42c58910e6ac0558a65bdb21591af6bcc30"",""schema_sha256"":""8d2100fb3b42f63411a8a3e12b615f0247d4b2b50331a715a4fa980a6b54b23c""}",350a9ee3088ecb49fb0e2bd6ca51089b0f602a858f16da1e19ff2b2cd3914b94,ad21a5910bf9340067722b896069f775925aa206d4c31c00f62a9102f32f5b54,0.37877134724857686,0.47058823529411764,0.5194805194805195,0.5797101449275363,0.47058823529411764,0.8095238095238095,0.0,0.0,0.0,0.0,0.0,0.0,,,,,0.017543859649122806,0.017543859649122806,0.4327485380116959,,,,,,,0.525974025974026,0.5869565217391305,0.4764705882352941
tables,07021-2016-p0018,dev,short,1,,2.14.4,0.009670331999999998,25,,,"""2f386db74b474965c99d8652153ae52bbd0f2a9546ad7bb8352e47d5dfd48009""","{""pdf_sha256"":""e667acf072151b34ddaee54965db1c838855019efce443d610c826b21472cdb5"",""schema_sha256"":""30623361bad97ee66e685ddc8d0e859150ec2019b914757799140b776e80938a""}",23b5457d31240f433dac8011fce1a68f1ad127fe4a861f695e660e30fe87d731,0ccbb4209ec09dd7e306d05a17f546fa1914ebfbedde715258f9e8631ca2dd20,0.4260998898612436,0.48936170212765956,0.48936170212765956,0.48936170212765956,0.48936170212765956,1.0,0.0,0.0,0.0,0.0,0.0,0.0,0.1929760905466573,0.04085178887347096,0.3333333333333333,0.1111111111111111,0.2727272727272727,0.10344827586206896,0.27586206896551724,0.05714285714285714,0.125,0.037037037037037035,0.1111111111111111,0.2222222222222222,0.07407407407407407,0.48936170212765956,0.48936170212765956,0.48936170212765956
tables,H9-53-59_60,dev,short,1,,2.14.4,0.012905676,54,,,"""2f386db74b474965c99d8652153ae52bbd0f2a9546ad7bb8352e47d5dfd48009""","{""pdf_sha256"":""3138b0b9eb5558bd7a4926da7fd6fcbe9dc6416d598bf3b8a45721151bfb28b4"",""schema_sha256"":""3ed88269aa3b306944b365be830ad89677350e0630dcc2173bad72cef7e3041a""}",9a4d8b6543d0d5c03132e4ccf6ad530235151d21c5a7f73914743d28c0ec8df1,49050da4d13a2c793651b0158ebdac4d004ac88fda3e8b223f23f72be2088048,0.2887886603453179,0.2413793103448276,0.25,0.25925925925925924,0.2413793103448276,0.0,0.0,0.0,0.0,0.0,0.0,0.0,0.5916335831161141,0.16183788335303792,0.38461538461538464,0.23076923076923078,0.5909090909090909,0.2857142857142857,0.5357142857142857,0.2702702702702703,0.5,0.18518518518518517,0.27848101265822783,0.5,0.19298245614035087,0.5178571428571428,0.5370370370370371,0.5
tables,P4-Historical Single Signature83-10963_5480,dev,short,1,,2.14.4,0.012895763999999995,53,,,"""2f386db74b474965c99d8652153ae52bbd0f2a9546ad7bb8352e47d5dfd48009""","{""pdf_sha256"":""91e6c084622131653977e8e0f244fe4f13dbae34c8509172948939bdc94d1076"",""schema_sha256"":""c50c32330a96e7259cd4a5a5125dbae3dacc48136407eb1882f2c5f5d2388b6c""}",edf22d456dea0dc7024c3bedd8f8fd471b8b061169b85e77524c653baa0a3fa7,3004813265c2f5e81f4f0aca17a8f36e1a3b96086fc5a24282984bbd62daef61,0.3481037564965241,0.3076923076923077,0.29090909090909095,0.27586206896551724,0.3076923076923077,0.0,0.0,0.0,0.0,0.0,0.0,0.0,0.45496272285449296,0.07978870398164724,0.25,0.15,0.5333333333333333,0.34615384615384615,0.75,0.16000000000000003,0.4,0.1,0.19047619047619047,0.42857142857142855,0.12244897959183673,0.6909090909090909,0.6551724137931034,0.7307692307692307
tables,W14-58509_W14 2nd sub revised,dev,short,1,,2.14.4,0.050191847999999976,160,,,"""2f386db74b474965c99d8652153ae52bbd0f2a9546ad7bb8352e47d5dfd48009""","{""pdf_sha256"":""22511db4eda31b6cba04e88fc8732c47e00d191d81cc9468c4e1366214f4901a"",""schema_sha256"":""7ad6ae99b204297b28920683d028ff9ef71b35a455b7a34a7f2363fd474d5d45""}",03a401c4844d7b9fdbfafd645ba0461d1083eae18bdebed13d63e9184388c353,c01e3399ff1d25ec4388168e9f97aa43be5287d8f6040c7853affeda7f8907ae,0.4866940770032514,0.6548672566371682,0.6804597701149425,0.7081339712918661,0.6548672566371682,0.75,0.0,0.0,0.0,0.0,0.0,0.0,0.4299817380598132,0.24475217832578489,0.6,0.44761904761904764,0.7027027027027027,0.5753424657534246,0.7328767123287672,0.27329192546583847,0.4489795918367347,0.19642857142857142,0.32525951557093424,0.734375,0.2088888888888889,0.8091954022988506,0.8421052631578947,0.7787610619469026
tables,baker_hughes_earnings_deck_q4fy25,dev,medium,25,,2.14.4,0.013298250000000001,16,,,"""2f386db74b474965c99d8652153ae52bbd0f2a9546ad7bb8352e47d5dfd48009""","{""pdf_sha256"":""0aacb98fdb9ee986940f4b1c348f403acfaa42d32621a22909c6f3abb0f75f8f"",""schema_sha256"":""9c44694c086d54a67e6f397dc2ed9f7c103738a4de5811d0395bba71a6261338""}",f0daae0dd3cdd9311a70a841211c1adc3b088227126f531e0f72320ee553e04b,212410513e6f85cbf70044e7f7001a3062679814c596960eba34aa76f899fb95,0.5208333333333333,0.45,0.5294117647058824,0.6428571428571429,0.45,0.0,0.0,0.0,0.0,0.0,0.0,0.0,,,,,0.0,0.23809523809523808,0.42857142857142855,,,,0.0,0.0,0.0,0.5294117647058824,0.6428571428571429,0.45
tables,ccc_online_0012_chubb_dodge_durango_corrupted,dev,medium,17,,2.14.4,0.014040264,28,,,"""2f386db74b474965c99d8652153ae52bbd0f2a9546ad7bb8352e47d5dfd48009""","{""pdf_sha256"":""3b36e3cc0c65b1bfa82bc668ac92ea4c7b0bd40fb42640cd155af4877157cba1"",""schema_sha256"":""97bc56fc0019939b8f89e45349601a7d6962f7f15b962b6ed32b8aa0c43e1939""}",e8a3d93a3f583df09ff3043bc0c6e9541e96fe87e5ed2618f0bea4fb6b14855d,fef85d62f965f373115e2d9a0f0be05986a1eb093301fc5b72174a0222d0c76e,0.14793641252319917,0.17886178861788618,0.21568627450980393,0.2716049382716049,0.17886178861788618,0.3888888888888889,0.0,0.0,0.0,0.0,0.0,0.0,,,,,0.0,0.06349206349206349,0.19047619047619047,,,,0.0,0.0,0.0,0.21568627450980393,0.2716049382716049,0.17886178861788618
tables,cfpb_closing-disclosure_filled-sample_corrupted,dev,short,5,,2.14.4,0.020462064000000002,48,,,"""2f386db74b474965c99d8652153ae52bbd0f2a9546ad7bb8352e47d5dfd48009""","{""pdf_sha256"":""257964ee735970ddf25d6dd56b3e34af80fcca8c473f9cc79eb8388ea253bc7b"",""schema_sha256"":""166b66fcdeba068088c5d867c232204bbff04cd0b3bac9badabaa4f95e0d655e""}",96b9181d4536a80fb6789a3b199bbeb3a4437eb18c4ea17211832d4284a79d66,f1a007657f28f89d0e1860ded5ecc32b5c0fa63116194414abe28af3c36a49e0,0.09366569576179828,0.0967741935483871,0.14705882352941174,0.30612244897959184,0.0967741935483871,0.3157894736842105,0.0,0.0,0.0,0.0,0.0,0.0,,,,,0.0,0.01597444089456869,0.12140575079872204,,,,,,,0.14705882352941174,0.30612244897959184,0.0967741935483871
tables,gsa_mas_it_labor_0010,dev,medium,15,,2.14.4,0.002021502,5,,,"""2f386db74b474965c99d8652153ae52bbd0f2a9546ad7bb8352e47d5dfd48009""","{""pdf_sha256"":""f635fa705077b35a36859509c0094cf6a17f1bd6d29c830bced79183ddc3be58"",""schema_sha256"":""27a32c93f440da9aaa09878c85e8185c47eef79f2d42843d4ff878498bf7a573""}",73419b5b2c43db072b480a2e8f035d452c6245792f112d7293e94ab7effae10b,1375fe4ce524e0a7aba96de5dc9ebbfda71ccef696fb7b1d4a34b511dafb4e42,0.06060606060606061,0.45454545454545453,0.45454545454545453,0.45454545454545453,0.45454545454545453,1.0,0.0,0.0,0.0,0.0,0.0,0.0,,,,,0.0,0.0,0.5151515151515151,,,,,,,0.45454545454545453,0.45454545454545453,0.45454545454545453
tables,mcdonalds_receipt_chicago_documentcloud,dev,short,1,,2.14.4,0.00148386,3,,,"""2f386db74b474965c99d8652153ae52bbd0f2a9546ad7bb8352e47d5dfd48009""","{""pdf_sha256"":""7733dfb56fe7f3b58d5f9070463d1f9341a44794f871c5aaacccb6278ac5ddd6"",""schema_sha256"":""0b8525756617e8df86ef0599fb3b7b4a3c81a9cab45d9e6dd38fe11c51473d84""}",f85a07da010ddafb51dff295c8bd54318f5457dddbfc05ac31a00472c16c466c,246b097949d971eaab4c3b97ec4d179738f60abb1a5d65902481b934b9a25451,0.12102627712597737,0.37254901960784315,0.3958333333333333,0.4222222222222222,0.37254901960784315,0.8333333333333334,0.0,0.0,0.0,0.0,0.0,0.0,,,,,0.0,0.18181818181818182,0.2727272727272727,,,,,,,0.3877551020408163,0.4318181818181818,0.35185185185185186
tables,ms_medicaid_ra_adjustments_corrupted,dev,short,4,,2.14.4,0.00097272,3,,,"""2f386db74b474965c99d8652153ae52bbd0f2a9546ad7bb8352e47d5dfd48009""","{""pdf_sha256"":""9b17b95061663faaa627a2fb38558cc2a4e030a7e9669755b1e0e2792a83bf4e"",""schema_sha256"":""13eaa707b5ac17f2c0deef4667980b1ee49b2113f51f1c5eabdf266e4b1b5db5""}",662c68c329af4b90c128126580280cb108dc8cb8da51037392ec3f17dceecc1c,78886f5fb89ed096db57aa39944ef1152b3362e58ccc69d82d794a5a62b6de81,0.03955375253549697,0.15517241379310345,0.125,0.10465116279069768,0.15517241379310345,1.4,0.0,0.0,0.0,0.0,0.0,0.0,,,,,0.0,0.09836065573770492,0.13114754098360656,,,,,,,0.125,0.10465116279069768,0.15517241379310345
tables,sec_13f_0026_brown_brothers_harriman,dev,long,55,,2.14.4,0.002270772,2,,,"""2f386db74b474965c99d8652153ae52bbd0f2a9546ad7bb8352e47d5dfd48009""","{""pdf_sha256"":""4787d70ca373866d0e595f923c9305d0759e63f7dd7128e070b78efbf3632283"",""schema_sha256"":""213162a02c73274888105e01841954b374bf7e76f4b89a13bd4012e54d267862""}",ee973d83290dd1b5aa3ef76088f1f7998b3210c0380cfa52ad0db13c9a535cc2,a82c0e092ae1eb9c07036fc991f7b740f973c187e641a5ea5d5c99a83eaee7c8,4.348204191668841e-05,5.1387461459403907e-05,0.00010276964184779817,1.0,5.1387461459403907e-05,0.0,0.0,0.0,0.0,0.0,0.0,0.0,0.0,0.0,0.0,0.0,0.0,0.0,4.348204191668841e-05,0.0,0.0,0.0,0.0,0.0,0.0,8.696030262185313e-05,1.0,4.348204191668841e-05
tables,utah_fleet_rate_schedule_fy2024,dev,short,2,,2.14.4,0.000487116,2,,,"""2f386db74b474965c99d8652153ae52bbd0f2a9546ad7bb8352e47d5dfd48009""","{""pdf_sha256"":""0b3841123954a66b6eec5cc0cd75c42c58910e6ac0558a65bdb21591af6bcc30"",""schema_sha256"":""8d2100fb3b42f63411a8a3e12b615f0247d4b2b50331a715a4fa980a6b54b23c""}",f1fccd694befd39c1fb25862e3addb3eb4cfba947884c380b6d179b3e809783f,770c9e28987206337ff49ae1b522c70c1803d359ee29b3427a557cf342d433ac,0.15736623180434092,0.14705882352941177,0.22321428571428573,0.46296296296296297,0.14705882352941177,0.30952380952380953,0.0,0.0,0.0,0.0,0.0,0.0,,,,,0.0,0.0,0.15789473684210525,,,,,,,0.23214285714285715,0.48148148148148145,0.15294117647058825
geometric,07021-2016-p0018,dev,short,1,,2.14.4,0.0079023,31,,,"""4b37ff54d32db9b70c311ee5f70a70eeddd120d611b5c1fc323b19d7248087df""","{""pdf_sha256"":""e667acf072151b34ddaee54965db1c838855019efce443d610c826b21472cdb5"",""schema_sha256"":""30623361bad97ee66e685ddc8d0e859150ec2019b914757799140b776e80938a""}",8335a1d34d568f5401e3b30461a7d52dd1285a9fff09bacc9f523f2ffeacc3ba,2123b85e6e54f97e602d4dafb5fb526dd0c457a40b5e20b22f6b0314713760fd,0.3874488784528331,0.3617021276595745,0.37777777777777777,0.3953488372093023,0.3617021276595745,0.0,0.0,0.0,0.0,0.0,0.0,0.0,0.016480486049445218,0.0,0.14814814814814814,0.0,0.0,0.0,0.2413793103448276,0.0,0.0,0.0,0.0,0.0,0.0,0.37777777777777777,0.3953488372093023,0.3617021276595745
geometric,H9-53-59_60,dev,short,1,,2.14.4,0.014011494000000003,37,,,"""4b37ff54d32db9b70c311ee5f70a70eeddd120d611b5c1fc323b19d7248087df""","{""pdf_sha256"":""3138b0b9eb5558bd7a4926da7fd6fcbe9dc6416d598bf3b8a45721151bfb28b4"",""schema_sha256"":""3ed88269aa3b306944b365be830ad89677350e0630dcc2173bad72cef7e3041a""}",2b328463efc510eb6f341d271543a7da949aae955d81c454675f40522c4d5b13,21fb1e925f1d3d94c32828ad38309c49d35599f7808c8d9d03594a6308692c9d,0.2781116076194543,0.20689655172413793,0.2142857142857143,0.2222222222222222,0.20689655172413793,0.0,0.0,0.0,0.0,0.0,0.0,0.0,0.6342055272014855,0.09050481669409104,0.15384615384615385,0.1346153846153846,0.9090909090909091,0.21428571428571427,0.5,0.16129032258064516,0.625,0.09259259259259259,0.23529411764705882,0.7272727272727273,0.14035087719298245,0.44642857142857145,0.46296296296296297,0.43103448275862066
geometric,P4-Historical Single Signature83-10963_5480,dev,short,1,,2.14.4,0.01578192,38,,,"""4b37ff54d32db9b70c311ee5f70a70eeddd120d611b5c1fc323b19d7248087df""","{""pdf_sha256"":""91e6c084622131653977e8e0f244fe4f13dbae34c8509172948939bdc94d1076"",""schema_sha256"":""c50c32330a96e7259cd4a5a5125dbae3dacc48136407eb1882f2c5f5d2388b6c""}",fc20d87e7a57b028d55d91ff0dc18de354aff25f59c39e96b0b7a102d4a5140a,fdffbf99ed45ba2474442584c68e0149564ee6ae5e7a642faa12a890d5f786d2,0.5710515462159542,0.5192307692307693,0.5192307692307693,0.5192307692307693,0.5192307692307693,0.0,0.0,0.0,0.0,0.0,0.0,0.0,0.45557673550135264,0.04248939340131588,0.1,0.075,0.4444444444444444,0.23076923076923078,0.7115384615384616,0.09090909090909091,0.5,0.05,0.10344827586206896,0.3333333333333333,0.061224489795918366,0.6730769230769231,0.6730769230769231,0.6730769230769231
geometric,W14-58509_W14 2nd sub revised,dev,short,1,,2.14.4,0.09012691799999997,164,,,"""4b37ff54d32db9b70c311ee5f70a70eeddd120d611b5c1fc323b19d7248087df""","{""pdf_sha256"":""22511db4eda31b6cba04e88fc8732c47e00d191d81cc9468c4e1366214f4901a"",""schema_sha256"":""7ad6ae99b204297b28920683d028ff9ef71b35a455b7a34a7f2363fd474d5d45""}",f1234f0d7af035c72019e95c4282af31eacc9d429aefb94e783bfd414217f5e6,568b42be3327c7071e920b1a7b07d05c0c9010ebd075168e52d4f388a74348e2,0.5107081928099072,0.6637168141592921,0.6896551724137931,0.7177033492822966,0.6637168141592921,0.75,0.0,0.0,0.0,0.0,0.0,0.0,0.23557512675060102,0.06972471716187305,0.3523809523809524,0.1619047619047619,0.4888888888888889,0.363013698630137,0.6643835616438356,0.08955223880597014,0.2727272727272727,0.05357142857142857,0.16153846153846155,0.6,0.09333333333333334,0.7632183908045979,0.7942583732057417,0.7345132743362832
geometric,baker_hughes_earnings_deck_q4fy25,dev,medium,25,,2.14.4,0.015181739999999999,16,,,"""4b37ff54d32db9b70c311ee5f70a70eeddd120d611b5c1fc323b19d7248087df""","{""pdf_sha256"":""0aacb98fdb9ee986940f4b1c348f403acfaa42d32621a22909c6f3abb0f75f8f"",""schema_sha256"":""9c44694c086d54a67e6f397dc2ed9f7c103738a4de5811d0395bba71a6261338""}",e9594ff70f3259e44a8e6b984ff025565c36f9315031980c4b38afc92dd2a629,d9f254584defeb2d6dc3b1bd56a1a79aa435fc17bebb638f2cfefbecbf6e29f4,0.4557879729423611,0.3,0.3529411764705882,0.42857142857142855,0.3,0.0,0.0,0.0,0.0,0.0,0.0,0.0,,,,,0.0,0.23809523809523808,0.42857142857142855,,,,0.0,0.0,0.0,0.5294117647058824,0.6428571428571429,0.45
geometric,ccc_online_0012_chubb_dodge_durango_corrupted,dev,medium,17,,2.14.4,0.01019004,28,,,"""4b37ff54d32db9b70c311ee5f70a70eeddd120d611b5c1fc323b19d7248087df""","{""pdf_sha256"":""3b36e3cc0c65b1bfa82bc668ac92ea4c7b0bd40fb42640cd155af4877157cba1"",""schema_sha256"":""97bc56fc0019939b8f89e45349601a7d6962f7f15b962b6ed32b8aa0c43e1939""}",d96b985e048b1d37e33a11cf8559067d3ccaa7161d1cc7d31021568d7e8bba99,2bc87a1cc108a7daf3af960da4f752bc3724e399f51ee86e6bc501d6d9abf206,0.09443810467402483,0.08130081300813008,0.125,0.2702702702702703,0.08130081300813008,0.2222222222222222,0.0,0.0,0.0,0.0,0.0,0.0,,,,,0.0,0.047619047619047616,0.1349206349206349,,,,0.0,0.0,0.0,0.125,0.2702702702702703,0.08130081300813008
geometric,cfpb_closing-disclosure_filled-sample_corrupted,dev,short,5,,2.14.4,0.018300743999999997,43,,,"""4b37ff54d32db9b70c311ee5f70a70eeddd120d611b5c1fc323b19d7248087df""","{""pdf_sha256"":""257964ee735970ddf25d6dd56b3e34af80fcca8c473f9cc79eb8388ea253bc7b"",""schema_sha256"":""166b66fcdeba068088c5d867c232204bbff04cd0b3bac9badabaa4f95e0d655e""}",96486202380ef8b7fb89a352f1d2258f563aa22e2ee194444144aa6f21d07a78,4fc59f2c535278573f9098d75dc34a2a6fccece65c040a8818085af8a30e7233,0.11381417297625009,0.14838709677419354,0.22115384615384617,0.4339622641509434,0.14838709677419354,0.3157894736842105,0.0,0.0,0.0,0.0,0.0,0.0,,,,,0.0,0.05750798722044728,0.1853035143769968,,,,,,,0.22115384615384617,0.4339622641509434,0.14838709677419354
geometric,gsa_mas_it_labor_0010,dev,medium,15,,2.14.4,0.00242844,6,,,"""4b37ff54d32db9b70c311ee5f70a70eeddd120d611b5c1fc323b19d7248087df""","{""pdf_sha256"":""f635fa705077b35a36859509c0094cf6a17f1bd6d29c830bced79183ddc3be58"",""schema_sha256"":""27a32c93f440da9aaa09878c85e8185c47eef79f2d42843d4ff878498bf7a573""}",3023a928a26f03a4b99f5bc55fce8d18f92017919f9846bf3d0b056fda2110bd,fe4a20ac7ab7d8a8376a85ceef67536f4cd548e09e23e05d62d342c2879fe22c,0.043165739794953285,0.42424242424242425,0.4242424242424243,0.42424242424242425,0.42424242424242425,1.0,0.0,0.0,0.0,0.0,0.0,0.0,,,,,0.0,0.0,0.48484848484848486,,,,,,,0.4242424242424243,0.42424242424242425,0.42424242424242425
geometric,mcdonalds_receipt_chicago_documentcloud,dev,short,1,,2.14.4,0.0045627540000000005,14,,,"""4b37ff54d32db9b70c311ee5f70a70eeddd120d611b5c1fc323b19d7248087df""","{""pdf_sha256"":""7733dfb56fe7f3b58d5f9070463d1f9341a44794f871c5aaacccb6278ac5ddd6"",""schema_sha256"":""0b8525756617e8df86ef0599fb3b7b4a3c81a9cab45d9e6dd38fe11c51473d84""}",67439aee94286a56c21d0bcd61523cc026cee2b8d2980d251d4a16ee56fc51ad,330e184ab6f9ceef6a1b2b193b080a945c10d44b1e540e4e46924f32716e5697,0.21019953529339191,0.09803921568627451,0.1515151515151515,0.3333333333333333,0.09803921568627451,0.0,0.0,0.0,0.0,0.0,0.0,0.0,,,,,0.0,0.0,0.18181818181818182,,,,,,,0.19444444444444445,0.3888888888888889,0.12962962962962962
geometric,ms_medicaid_ra_adjustments_corrupted,dev,short,4,,2.14.4,0.0011648280000000001,6,,,"""4b37ff54d32db9b70c311ee5f70a70eeddd120d611b5c1fc323b19d7248087df""","{""pdf_sha256"":""9b17b95061663faaa627a2fb38558cc2a4e030a7e9669755b1e0e2792a83bf4e"",""schema_sha256"":""13eaa707b5ac17f2c0deef4667980b1ee49b2113f51f1c5eabdf266e4b1b5db5""}",8ff404027c33e3df65db90c7d34d492604f0b753bc519661813da35050ec147c,203567eb5d6168f9311830e9899abc5d519fe4a1549237254c88a5fc6e5dc284,0.055227733726719526,0.05172413793103448,0.07692307692307693,0.15,0.05172413793103448,0.4,0.0,0.0,0.0,0.0,0.0,0.0,,,,,0.0,0.03278688524590164,0.06557377049180328,,,,,,,0.07692307692307693,0.15,0.05172413793103448
geometric,sec_13f_0026_brown_brothers_harriman,dev,long,55,,2.14.4,5.3214e-05,2,400 Client Error: Bad Request for url: https://openrouter.ai/api/alpha/decisions,400 Client Error: Bad Request for url: https://openrouter.ai/api/alpha/decisions,"""4b37ff54d32db9b70c311ee5f70a70eeddd120d611b5c1fc323b19d7248087df""","{""pdf_sha256"":""4787d70ca373866d0e595f923c9305d0759e63f7dd7128e070b78efbf3632283"",""schema_sha256"":""213162a02c73274888105e01841954b374bf7e76f4b89a13bd4012e54d267862""}",580e7a7fc7a0c501f3639fb47c510e702bd23f473a66f39bf772dd26e5cc4820,67c789c4162a0077f1a0dc89d3a571add2f32866c4990c2ccde6704f031a4ce9,,,,,,,,,,,,,,,,,,,,,,,,,,0.0,,
geometric,utah_fleet_rate_schedule_fy2024,dev,short,2,,2.14.4,0.001297716,5,,,"""4b37ff54d32db9b70c311ee5f70a70eeddd120d611b5c1fc323b19d7248087df""","{""pdf_sha256"":""0b3841123954a66b6eec5cc0cd75c42c58910e6ac0558a65bdb21591af6bcc30"",""schema_sha256"":""8d2100fb3b42f63411a8a3e12b615f0247d4b2b50331a715a4fa980a6b54b23c""}",40fe45579d8b65976f83a2eab2cf2ed09dd6915d81de79d730875ae323b16277,3847fe1bdb64ef1019c52c3f35d563428a852e1c4616da5eb03fffbc4e5e3d07,0.20680907749218944,0.12352941176470589,0.17213114754098363,0.28378378378378377,0.12352941176470589,0.42857142857142855,0.0,0.0,0.0,0.0,0.0,0.0,,,,,0.0,0.0,0.21637426900584794,,,,,,,0.18032786885245902,0.2972972972972973,0.12941176470588237
localized,07021-2016-p0018,dev,short,1,,2.14.4,0.0065745119999999985,35,,,"""700b3427f1105ed2879128a177636868bf360c3237fe04006e6802786339819c""","{""pdf_sha256"":""e667acf072151b34ddaee54965db1c838855019efce443d610c826b21472cdb5"",""schema_sha256"":""30623361bad97ee66e685ddc8d0e859150ec2019b914757799140b776e80938a""}",aeff06fa0650d195e4c5af7811c634b9694ab521a31d17d6e04d8ee54c76caa9,0d881a1c4e4fccc5fdac030724fbd97094c4361fb6e9efa664a0dc7ceaaf94de,0.4309669809024136,0.44680851063829785,0.44680851063829785,0.44680851063829785,0.44680851063829785,1.0,0.0,0.0,0.0,0.0,0.0,0.0,0.0,0.0,0.07407407407407407,0.0,0.25,0.10344827586206896,0.1724137931034483,0.0,0.0,0.0,0.05405405405405406,0.1,0.037037037037037035,0.44680851063829785,0.44680851063829785,0.44680851063829785
localized,H9-53-59_60,dev,short,1,,2.14.4,0.010647714,72,,,"""3ffc22ac63ad81c534d3c779d23601b911d7b562fc4f2753f3f73afa9bf04bd1""","{""pdf_sha256"":""3138b0b9eb5558bd7a4926da7fd6fcbe9dc6416d598bf3b8a45721151bfb28b4"",""schema_sha256"":""3ed88269aa3b306944b365be830ad89677350e0630dcc2173bad72cef7e3041a""}",912acee209156633dbf9c6e76cc61a79d5630b21a67f3d445e009ad331e42da9,b328ebcee32053ec3fe62c5352fd2daf01844dee1d0b832b0044da059fab7852,0.46209784974997953,0.39655172413793105,0.41071428571428575,0.42592592592592593,0.39655172413793105,0.0,0.0,0.0,0.0,0.0,0.0,0.0,0.0,0.0,0.0,0.0,0.7727272727272727,0.35714285714285715,0.625,0.0,0.0,0.0,0.35443037974683544,0.6363636363636364,0.24561403508771928,0.5892857142857143,0.6111111111111112,0.5689655172413793
localized,P4-Historical Single Signature83-10963_5480,dev,short,1,,2.14.4,0.008425535999999999,40,,,"""3ffc22ac63ad81c534d3c779d23601b911d7b562fc4f2753f3f73afa9bf04bd1""","{""pdf_sha256"":""91e6c084622131653977e8e0f244fe4f13dbae34c8509172948939bdc94d1076"",""schema_sha256"":""c50c32330a96e7259cd4a5a5125dbae3dacc48136407eb1882f2c5f5d2388b6c""}",543e1e6ca0fbc7d34e3f43d5624f4d669cbb138f4bfcc60bbddaa4b85a69d88e,7e09f81f19b81db8b754e809666cfd27a99d363b525eac9d72fd67a346dc4c47,0.8371488151745082,0.8076923076923077,0.7636363636363636,0.7241379310344828,0.8076923076923077,0.0,0.0,0.0,0.0,0.0,0.0,0.0,0.0,0.0,0.0,0.0,0.7142857142857143,0.38461538461538464,0.8461538461538461,0.0,0.0,0.0,0.25806451612903225,0.6153846153846154,0.16326530612244897,0.8,0.7586206896551724,0.8461538461538461
localized,W14-58509_W14 2nd sub revised,dev,short,1,,2.14.4,0.032502791999999975,200,,,"""3ffc22ac63ad81c534d3c779d23601b911d7b562fc4f2753f3f73afa9bf04bd1""","{""pdf_sha256"":""22511db4eda31b6cba04e88fc8732c47e00d191d81cc9468c4e1366214f4901a"",""schema_sha256"":""7ad6ae99b204297b28920683d028ff9ef71b35a455b7a34a7f2363fd474d5d45""}",21141b9e5fc8306c863086d029f2853eaaa8f3ee54cd0b5701c5980896dd3e8a,7d4e6f55e1bbceae35001e39900f64d6ef1074a752df5b583253de102079cbe2,0.5747531158661032,0.7345132743362832,0.7632183908045979,0.7942583732057417,0.7345132743362832,0.75,0.0,0.0,0.0,0.0,0.0,0.0,0.26400662378487366,0.08704850866098578,0.34285714285714286,0.19047619047619047,0.7323943661971831,0.5753424657534246,0.7397260273972602,0.09090909090909091,0.3,0.05357142857142857,0.32167832167832167,0.7540983606557377,0.20444444444444446,0.8091954022988506,0.8421052631578947,0.7787610619469026
localized,baker_hughes_earnings_deck_q4fy25,dev,medium,25,,2.14.4,0.004172448,15,,,"""3ffc22ac63ad81c534d3c779d23601b911d7b562fc4f2753f3f73afa9bf04bd1""","{""pdf_sha256"":""0aacb98fdb9ee986940f4b1c348f403acfaa42d32621a22909c6f3abb0f75f8f"",""schema_sha256"":""9c44694c086d54a67e6f397dc2ed9f7c103738a4de5811d0395bba71a6261338""}",faf1e46ec6549948f344162748592f91d82288a5e6b7867f817dd017704c799a,dcff5339533803a59838d3ddb3a0c521938b67e34f918a13f28f82db54a454ad,0.4736451157995039,0.3,0.3529411764705882,0.42857142857142855,0.3,0.0,0.0,0.0,0.0,0.0,0.0,0.0,,,,,0.16666666666666666,0.2857142857142857,0.47619047619047616,,,,0.6666666666666666,1.0,0.5,0.5294117647058824,0.6428571428571429,0.45
localized,ccc_online_0012_chubb_dodge_durango_corrupted,dev,medium,17,,2.14.4,0.006204785999999999,22,,,"""3ffc22ac63ad81c534d3c779d23601b911d7b562fc4f2753f3f73afa9bf04bd1""","{""pdf_sha256"":""3b36e3cc0c65b1bfa82bc668ac92ea4c7b0bd40fb42640cd155af4877157cba1"",""schema_sha256"":""97bc56fc0019939b8f89e45349601a7d6962f7f15b962b6ed32b8aa0c43e1939""}",ecbea96c291caa7c65681d11ffda286c6817042d779809af884748a962022c43,d0460ba8fa37424d9865f543d1521a1f8f50ec88524e024390001c7e225fd8c6,0.17955767745280335,0.2032520325203252,0.2450980392156863,0.30864197530864196,0.2032520325203252,0.3888888888888889,0.0,0.0,0.0,0.0,0.0,0.0,,,,,0.0,0.06349206349206349,0.23015873015873015,,,,0.0,0.0,0.0,0.2450980392156863,0.30864197530864196,0.2032520325203252
localized,cfpb_closing-disclosure_filled-sample_corrupted,dev,short,5,,2.14.4,0.012309486000000003,54,,,"""3ffc22ac63ad81c534d3c779d23601b911d7b562fc4f2753f3f73afa9bf04bd1""","{""pdf_sha256"":""257964ee735970ddf25d6dd56b3e34af80fcca8c473f9cc79eb8388ea253bc7b"",""schema_sha256"":""166b66fcdeba068088c5d867c232204bbff04cd0b3bac9badabaa4f95e0d655e""}",7931542afacb851eac184df9b742751694ca9e09420c979a666855cd52976fd6,cc7a46fd4894e034e0d15beb53a06773e80df6f727b0d95bb4449376b0cff2de,0.12683801408968975,0.12903225806451613,0.19607843137254902,0.40816326530612246,0.12903225806451613,0.3157894736842105,0.0,0.0,0.0,0.0,0.0,0.0,,,,,0.0,0.019169329073482427,0.15654952076677317,,,,,,,0.19607843137254902,0.40816326530612246,0.12903225806451613
localized,gsa_mas_it_labor_0010,dev,medium,15,,2.14.4,0.001571388,4,,,"""3ffc22ac63ad81c534d3c779d23601b911d7b562fc4f2753f3f73afa9bf04bd1""","{""pdf_sha256"":""f635fa705077b35a36859509c0094cf6a17f1bd6d29c830bced79183ddc3be58"",""schema_sha256"":""27a32c93f440da9aaa09878c85e8185c47eef79f2d42843d4ff878498bf7a573""}",37d68bfb09d6a7f834db7ad74b5775a68d9a26f7369cce2de2a78120f1cf74e1,9862f197ae8cf76566b588d89cf9f0b77651306ef6ce8f368664e54c337afbec,0.06529933481152993,0.42424242424242425,0.4242424242424243,0.42424242424242425,0.42424242424242425,1.0,0.0,0.0,0.0,0.0,0.0,0.0,,,,,0.0,0.0,0.5151515151515151,,,,,,,0.4242424242424243,0.42424242424242425,0.42424242424242425
localized,mcdonalds_receipt_chicago_documentcloud,dev,short,1,,2.14.4,0.001581972,8,,,"""700b3427f1105ed2879128a177636868bf360c3237fe04006e6802786339819c""","{""pdf_sha256"":""7733dfb56fe7f3b58d5f9070463d1f9341a44794f871c5aaacccb6278ac5ddd6"",""schema_sha256"":""0b8525756617e8df86ef0599fb3b7b4a3c81a9cab45d9e6dd38fe11c51473d84""}",3cc3ffa765e0393597b9faff6ed88a4955df536557627f4f3085c48f2c322c79,da48d1c917f02a99fac890f31fe6248a737691d6198bbc6f14778c4054bbe802,0.19432651942037604,0.39215686274509803,0.4166666666666667,0.4444444444444444,0.39215686274509803,0.8333333333333334,0.0,0.0,0.0,0.0,0.0,0.0,,,,,0.0,0.18181818181818182,0.36363636363636365,,,,,,,0.4313725490196078,0.4583333333333333,0.4074074074074074
localized,ms_medicaid_ra_adjustments_corrupted,dev,short,4,,2.14.4,0.001118628,4,,,"""3ffc22ac63ad81c534d3c779d23601b911d7b562fc4f2753f3f73afa9bf04bd1""","{""pdf_sha256"":""9b17b95061663faaa627a2fb38558cc2a4e030a7e9669755b1e0e2792a83bf4e"",""schema_sha256"":""13eaa707b5ac17f2c0deef4667980b1ee49b2113f51f1c5eabdf266e4b1b5db5""}",8154ea4d70fab0d8edcd6b8e77dbe7d237ec1c1ad8403d564881523f9c26d8bd,6baef4e246eb877c3dd73f92d07e8f9709ad453d9d182f7b1a93dcfe250043cf,0.03955375253549697,0.22413793103448276,0.18571428571428572,0.15853658536585366,0.22413793103448276,1.4,0.0,0.0,0.0,0.0,0.0,0.0,,,,,0.0,0.14754098360655737,0.19672131147540983,,,,,,,0.18571428571428572,0.15853658536585366,0.22413793103448276
localized,sec_13f_0026_brown_brothers_harriman,dev,long,55,,2.14.4,0.001180872,3,,,"""3ffc22ac63ad81c534d3c779d23601b911d7b562fc4f2753f3f73afa9bf04bd1""","{""pdf_sha256"":""4787d70ca373866d0e595f923c9305d0759e63f7dd7128e070b78efbf3632283"",""schema_sha256"":""213162a02c73274888105e01841954b374bf7e76f4b89a13bd4012e54d267862""}",5435be0dd3b589576ad47de1650d7c003776e6aa644ffd10011ca61f6370e742,b5b01ceee6228fef82af7fa4d8f26eb790ea41c68e7071e64434c9a569906200,4.348204191668841e-05,5.1387461459403907e-05,0.00010276964184779817,1.0,5.1387461459403907e-05,0.0,0.0,0.0,0.0,0.0,0.0,0.0,0.0,0.0,0.0,0.0,0.0,0.0,4.348204191668841e-05,0.0,0.0,0.0,0.0,0.0,0.0,8.696030262185313e-05,1.0,4.348204191668841e-05
localized,utah_fleet_rate_schedule_fy2024,dev,short,2,,2.14.4,0.000642894,3,,,"""3ffc22ac63ad81c534d3c779d23601b911d7b562fc4f2753f3f73afa9bf04bd1""","{""pdf_sha256"":""0b3841123954a66b6eec5cc0cd75c42c58910e6ac0558a65bdb21591af6bcc30"",""schema_sha256"":""8d2100fb3b42f63411a8a3e12b615f0247d4b2b50331a715a4fa980a6b54b23c""}",2ae0042bd5122f215e90ce841869b42cfd09d5c4a4d093239758ceb87c15d682,5ad433d5ea5d4aa20b85b651aa0edddfef878720b8e765fead6fdfeb837ff135,0.008918406072106262,0.0058823529411764705,0.011627906976744186,0.5,0.0058823529411764705,0.0,0.0,0.0,0.0,0.0,0.0,0.0,,,,,0.0,0.0,0.011695906432748537,,,,,,,0.023255813953488372,1.0,0.011764705882352941
multipage,07021-2016-p0018,dev,short,1,,2.14.4,0.010274712000000007,61,,,"""4052fdd23e32862d08fe37aba1367e639500b836d9cb0de5dd2b44a8c58ce2d8""","{""pdf_sha256"":""e667acf072151b34ddaee54965db1c838855019efce443d610c826b21472cdb5"",""schema_sha256"":""30623361bad97ee66e685ddc8d0e859150ec2019b914757799140b776e80938a""}",6f3508ebdf7caf9c681c21e66be8c030321198154b38fc2a7674dadf983b042f,d3613080928149b17dee12833075c1e1f28ae98afde502617ac19d7461abde8f,0.424010126486758,0.46808510638297873,0.4888888888888889,0.5116279069767442,0.46808510638297873,0.0,0.0,0.0,0.0,0.0,0.0,0.0,0.2622493022410935,0.04085178887347096,0.25925925925925924,0.1111111111111111,0.375,0.10344827586206896,0.27586206896551724,0.058823529411764705,0.14285714285714285,0.037037037037037035,0.11428571428571428,0.25,0.07407407407407407,0.4888888888888889,0.5116279069767442,0.46808510638297873
multipage,H9-53-59_60,dev,short,1,,2.14.4,0.012437082000000002,57,,,"""4052fdd23e32862d08fe37aba1367e639500b836d9cb0de5dd2b44a8c58ce2d8""","{""pdf_sha256"":""3138b0b9eb5558bd7a4926da7fd6fcbe9dc6416d598bf3b8a45721151bfb28b4"",""schema_sha256"":""3ed88269aa3b306944b365be830ad89677350e0630dcc2173bad72cef7e3041a""}",435126739ba435c89f77d14526f8f3b7b416de496831c56be64a48c299bd9470,a0bf5316984f5862801b06fb19f5425e08046d209fdc2877bd009003c16e2e76,0.2887886603453179,0.2413793103448276,0.25,0.25925925925925924,0.2413793103448276,0.0,0.0,0.0,0.0,0.0,0.0,0.0,0.5916335831161141,0.16183788335303792,0.38461538461538464,0.23076923076923078,0.5909090909090909,0.2857142857142857,0.5357142857142857,0.2702702702702703,0.5,0.18518518518518517,0.27848101265822783,0.5,0.19298245614035087,0.5178571428571428,0.5370370370370371,0.5
multipage,P4-Historical Single Signature83-10963_5480,dev,short,1,,2.14.4,0.012701514000000002,62,,,"""4052fdd23e32862d08fe37aba1367e639500b836d9cb0de5dd2b44a8c58ce2d8""","{""pdf_sha256"":""91e6c084622131653977e8e0f244fe4f13dbae34c8509172948939bdc94d1076"",""schema_sha256"":""c50c32330a96e7259cd4a5a5125dbae3dacc48136407eb1882f2c5f5d2388b6c""}",72c45363cb87c94b901b8ddceb74fe69acf26728d21022adeee2ba040af37930,81dff6dcecefa2f10cf8bf6c2cf08cd7c24638bdb7f21a7e9d85a4df9e99ceef,0.32958523797800554,0.28846153846153844,0.28846153846153844,0.28846153846153844,0.28846153846153844,0.0,0.0,0.0,0.0,0.0,0.0,0.0,0.45496272285449296,0.07978870398164724,0.25,0.15,0.5333333333333333,0.3269230769230769,0.7307692307692307,0.16000000000000003,0.4,0.1,0.19047619047619047,0.42857142857142855,0.12244897959183673,0.7115384615384616,0.7115384615384616,0.7115384615384616
multipage,W14-58509_W14 2nd sub revised,dev,short,1,,2.14.4,0.047572728,159,,,"""4052fdd23e32862d08fe37aba1367e639500b836d9cb0de5dd2b44a8c58ce2d8""","{""pdf_sha256"":""22511db4eda31b6cba04e88fc8732c47e00d191d81cc9468c4e1366214f4901a"",""schema_sha256"":""7ad6ae99b204297b28920683d028ff9ef71b35a455b7a34a7f2363fd474d5d45""}",96d9ff80147da49f429789e27fbf91f1a89fe7e6b331135ac29dd3e915096733,f29d0fc392c2a4025f4c2a80289a53cb19c92f006c21da6d335f705530a6c661,0.48666468535689167,0.46017699115044247,0.5416666666666666,0.6582278481012658,0.46017699115044247,0.0,0.0,0.0,0.0,0.0,0.0,0.0,0.5568897027988309,0.12575773740675047,0.2571428571428571,0.21904761904761905,0.7567567567567568,0.2465753424657534,0.4041095890410959,0.17266187050359713,0.4444444444444444,0.10714285714285714,0.1908396946564885,0.6756756756756757,0.1111111111111111,0.6770833333333333,0.8227848101265823,0.5752212389380531
multipage,baker_hughes_earnings_deck_q4fy25,dev,medium,25,,2.14.4,0.005935776,50,,,"""4052fdd23e32862d08fe37aba1367e639500b836d9cb0de5dd2b44a8c58ce2d8""","{""pdf_sha256"":""0aacb98fdb9ee986940f4b1c348f403acfaa42d32621a22909c6f3abb0f75f8f"",""schema_sha256"":""9c44694c086d54a67e6f397dc2ed9f7c103738a4de5811d0395bba71a6261338""}",53ecd53eff443c849cc701cc5e7650742cf75f2445be7e65054b979ad07a7a5a,ad26eaf051ba139898e69748aad1a04ba1fc42715f4dedf3fbd52c0b2ba0306c,0.3625,0.35,0.4117647058823529,0.5,0.35,0.0,0.0,0.0,0.0,0.0,0.0,0.0,,,,,0.0,0.23809523809523808,0.3333333333333333,,,,0.0,0.0,0.0,0.4117647058823529,0.5,0.35
multipage,ccc_online_0012_chubb_dodge_durango_corrupted,dev,medium,17,,2.14.4,0.014230104000000009,189,,,"""4052fdd23e32862d08fe37aba1367e639500b836d9cb0de5dd2b44a8c58ce2d8""","{""pdf_sha256"":""3b36e3cc0c65b1bfa82bc668ac92ea4c7b0bd40fb42640cd155af4877157cba1"",""schema_sha256"":""97bc56fc0019939b8f89e45349601a7d6962f7f15b962b6ed32b8aa0c43e1939""}",1eebc2cb9a500e4b936d23ffeaa0b1b51dba1865510178afa3f83c7646191832,0f70b634bdc7329593d4dc892f3339e8dc0be4ce88a228851dceb37466e79a4b,0.10095446558861193,0.10569105691056911,0.15568862275449102,0.29545454545454547,0.10569105691056911,0.3333333333333333,0.0,0.0,0.0,0.0,0.0,0.0,,,,,0.0,0.05555555555555555,0.12698412698412698,,,,0.0,0.0,0.0,0.15568862275449102,0.29545454545454547,0.10569105691056911
multipage,cfpb_closing-disclosure_filled-sample_corrupted,dev,short,5,,2.14.4,0.014342159999999996,93,,,"""4052fdd23e32862d08fe37aba1367e639500b836d9cb0de5dd2b44a8c58ce2d8""","{""pdf_sha256"":""257964ee735970ddf25d6dd56b3e34af80fcca8c473f9cc79eb8388ea253bc7b"",""schema_sha256"":""166b66fcdeba068088c5d867c232204bbff04cd0b3bac9badabaa4f95e0d655e""}",aeaff721ef2227464462c46156789d3958d7824ccd5b4606cc44182c5ab46f19,6fbcbadc0eabd00fc156e0b6ad1d0a4c2fe0e92f1f10db8ba02016026ac33542,0.08904576452402484,0.27741935483870966,0.3071428571428571,0.344,0.27741935483870966,1.0,0.0,0.0,0.0,0.0,0.0,0.0,,,,,0.07216494845360824,0.19488817891373802,0.29073482428115016,,,,,,,0.3071428571428571,0.344,0.27741935483870966
multipage,gsa_mas_it_labor_0010,dev,medium,15,,2.14.4,0.003649253999999999,49,,,"""4052fdd23e32862d08fe37aba1367e639500b836d9cb0de5dd2b44a8c58ce2d8""","{""pdf_sha256"":""f635fa705077b35a36859509c0094cf6a17f1bd6d29c830bced79183ddc3be58"",""schema_sha256"":""27a32c93f440da9aaa09878c85e8185c47eef79f2d42843d4ff878498bf7a573""}",82207f3abe5b47f537a55bd4714850e4a3a22d78ea38c2df11bc4f426ebe53da,3852de6f0c3699dcea06c0dccefcca262a2c01dffcf5e28f43eb68de32b7e237,0.06060606060606061,0.15151515151515152,0.10416666666666667,0.07936507936507936,0.15151515151515152,2.0,0.0,0.0,0.0,0.0,0.0,0.0,,,,,0.0,0.0,0.18181818181818182,,,,,,,0.10416666666666667,0.07936507936507936,0.15151515151515152
multipage,mcdonalds_receipt_chicago_documentcloud,dev,short,1,,2.14.4,0.001982232,21,,,"""4052fdd23e32862d08fe37aba1367e639500b836d9cb0de5dd2b44a8c58ce2d8""","{""pdf_sha256"":""7733dfb56fe7f3b58d5f9070463d1f9341a44794f871c5aaacccb6278ac5ddd6"",""schema_sha256"":""0b8525756617e8df86ef0599fb3b7b4a3c81a9cab45d9e6dd38fe11c51473d84""}",940038b1e7e2b5d690868477d0698760518ba9069690966a60c9a78dfbb2c00c,ce4eb189ee94c7a85d6221268690b5e9a1c3c8c39fb47f3657bad2a3018f32ff,0.10252356928409256,0.35294117647058826,0.31578947368421056,0.2857142857142857,0.35294117647058826,1.3333333333333333,0.0,0.0,0.0,0.0,0.0,0.0,,,,,0.0,0.21818181818181817,0.2909090909090909,,,,,,,0.3103448275862069,0.2903225806451613,0.3333333333333333
multipage,ms_medicaid_ra_adjustments_corrupted,dev,short,4,,2.14.4,0.001881558,32,,,"""4052fdd23e32862d08fe37aba1367e639500b836d9cb0de5dd2b44a8c58ce2d8""","{""pdf_sha256"":""9b17b95061663faaa627a2fb38558cc2a4e030a7e9669755b1e0e2792a83bf4e"",""schema_sha256"":""13eaa707b5ac17f2c0deef4667980b1ee49b2113f51f1c5eabdf266e4b1b5db5""}",ecd81a2d334bca4c43559be0e7267f68536608cc99e87b955826da326a2484e3,4bea0fcf56f1d7d207129904e3132d4d4bdd653cffdccb07e37bb84036a4bef0,0.0,0.08620689655172414,0.12195121951219515,0.20833333333333334,0.08620689655172414,0.4,0.0,0.0,0.0,0.0,0.0,0.0,,,,,0.0,0.01639344262295082,0.08196721311475409,,,,,,,0.12195121951219515,0.20833333333333334,0.08620689655172414
multipage,sec_13f_0026_brown_brothers_harriman,dev,long,55,,2.14.4,0.007004087999999998,113,,,"""4052fdd23e32862d08fe37aba1367e639500b836d9cb0de5dd2b44a8c58ce2d8""","{""pdf_sha256"":""4787d70ca373866d0e595f923c9305d0759e63f7dd7128e070b78efbf3632283"",""schema_sha256"":""213162a02c73274888105e01841954b374bf7e76f4b89a13bd4012e54d267862""}",f3eae2e3b74b7100d28db6f309947dfa1179c374825fce1fe5f7df1162c89eb6,c6298e4e8f3abfb85f0848ac5b4793d480f88a1c70b438170f3b61b55e6587e9,4.348204191668841e-05,5.1387461459403907e-05,0.00010276964184779817,1.0,5.1387461459403907e-05,0.0,0.0,0.0,0.0,0.0,0.0,0.0,0.0,0.0,0.0,0.0,0.0,0.0,4.348204191668841e-05,0.0,0.0,0.0,0.0,0.0,0.0,8.696030262185313e-05,1.0,4.348204191668841e-05
multipage,utah_fleet_rate_schedule_fy2024,dev,short,2,,2.14.4,0.0007606619999999998,10,,,"""4052fdd23e32862d08fe37aba1367e639500b836d9cb0de5dd2b44a8c58ce2d8""","{""pdf_sha256"":""0b3841123954a66b6eec5cc0cd75c42c58910e6ac0558a65bdb21591af6bcc30"",""schema_sha256"":""8d2100fb3b42f63411a8a3e12b615f0247d4b2b50331a715a4fa980a6b54b23c""}",aabe79f0767c333b5447c6bba895714d16c92840bd1a39de9c52cdf21f329556,3c5a717356b52018f13ad192bf0f5abd3e29813c0a6627343c6e305f053d11f7,0.004635139367366113,0.07058823529411765,0.10169491525423728,0.18181818181818182,0.07058823529411765,0.38095238095238093,0.0,0.0,0.0,0.0,0.0,0.0,,,,,0.017543859649122806,0.017543859649122806,0.04093567251461988,,,,,,,0.11016949152542373,0.19696969696969696,0.07647058823529412
hybrid,07021-2016-p0018,dev,short,1,typesafe/jev-1.13,2.14.4,0.006213018,41,,,"{""learning/jev/run.py"":""5008ab0aa0151b6c9184ce3ef0e52e069ab258f8168fdf2c86e6bdf77b5c5189"",""src/extract_bench/inference/providers/extract/jev/__init__.py"":""56172964a8506bc66b4cf6917d105c52425ef080f644d107e72e1ad0fbc4d25b"",""src/extract_bench/inference/providers/extract/jev/citations.py"":""9842e1acbbc28b63e0c69e0197015911da8eba281f9a09b5dbc24bdb4da5279d"",""src/extract_bench/inference/providers/extract/jev/client.py"":""2ef831c778a73e6a5ad18a5d13c5770dcd4164fc22a03db62135a782b2c19ff8"",""src/extract_bench/inference/providers/extract/jev/parser.py"":""1a60082a59808a7dfcb9382d0604dc86ca99484afdd50cd5bcd42eceb9106c81"",""src/extract_bench/inference/providers/extract/jev/variant_boundaries.py"":""d27d8704bad63a1ebfd898fc8c2c43b6575e3a07efcaf04487bfadfcd24ba5be"",""src/extract_bench/inference/providers/extract/jev/variant_fields.py"":""9a21e0920e98714a567ddc9394349f7978692ed380bce208dcbfd20044104597"",""src/extract_bench/inference/providers/extract/jev/variant_geometric.py"":""4b37ff54d32db9b70c311ee5f70a70eeddd120d611b5c1fc323b19d7248087df"",""src/extract_bench/inference/providers/extract/jev/variant_hierarchical.py"":""daf221d74779ae86c52197f3382da91683ffe29381f5bf0494908ba1b70858dd"",""src/extract_bench/inference/providers/extract/jev/variant_hybrid.py"":""846b51de513c32a0af92e981da99119840b8ebaa3604912d144459f8617a3cda"",""src/extract_bench/inference/providers/extract/jev/variant_localized.py"":""3ffc22ac63ad81c534d3c779d23601b911d7b562fc4f2753f3f73afa9bf04bd1"",""src/extract_bench/inference/providers/extract/jev/variant_multipage.py"":""4052fdd23e32862d08fe37aba1367e639500b836d9cb0de5dd2b44a8c58ce2d8"",""src/extract_bench/inference/providers/extract/jev/variant_rowrepair.py"":""f43528c009e696b187e7dae7edd7551f363719ffd2e0bb7a5b545ec65706cb40"",""src/extract_bench/inference/providers/extract/jev/variant_tables.py"":""2f386db74b474965c99d8652153ae52bbd0f2a9546ad7bb8352e47d5dfd48009"",""src/extract_bench/inference/providers/extract/table_codegen/schema_utils.py"":""0d142666f01b497c2b17beba54200f2b3f9efeba92c7ee51ec90b6bd1543f075""}","{""pdf_sha256"":""e667acf072151b34ddaee54965db1c838855019efce443d610c826b21472cdb5"",""schema_sha256"":""30623361bad97ee66e685ddc8d0e859150ec2019b914757799140b776e80938a""}",d3d2d3eca5df2cdd6d5e8432a9465c15045d6042535a0310e7041a242aff3579,5d810cd0568660c4492873d86bdf56419eb4fab59d1b8be323b9041d10e096e7,0.47824822459035904,0.46808510638297873,0.4888888888888889,0.5116279069767442,0.46808510638297873,0.0,0.0,0.0,0.0,0.0,0.0,0.0,0.009643908989054054,0.0,0.2962962962962963,0.0,0.15384615384615385,0.06896551724137931,0.1724137931034483,0.0,0.0,0.0,0.1,0.15384615384615385,0.07407407407407407,0.4888888888888889,0.5116279069767442,0.46808510638297873
hybrid,H9-53-59_60,dev,short,1,typesafe/jev-1.13,2.14.4,0.007647485999999999,39,,,"{""learning/jev/run.py"":""5008ab0aa0151b6c9184ce3ef0e52e069ab258f8168fdf2c86e6bdf77b5c5189"",""src/extract_bench/inference/providers/extract/jev/__init__.py"":""56172964a8506bc66b4cf6917d105c52425ef080f644d107e72e1ad0fbc4d25b"",""src/extract_bench/inference/providers/extract/jev/citations.py"":""9842e1acbbc28b63e0c69e0197015911da8eba281f9a09b5dbc24bdb4da5279d"",""src/extract_bench/inference/providers/extract/jev/client.py"":""2ef831c778a73e6a5ad18a5d13c5770dcd4164fc22a03db62135a782b2c19ff8"",""src/extract_bench/inference/providers/extract/jev/parser.py"":""1a60082a59808a7dfcb9382d0604dc86ca99484afdd50cd5bcd42eceb9106c81"",""src/extract_bench/inference/providers/extract/jev/variant_boundaries.py"":""d27d8704bad63a1ebfd898fc8c2c43b6575e3a07efcaf04487bfadfcd24ba5be"",""src/extract_bench/inference/providers/extract/jev/variant_fields.py"":""9a21e0920e98714a567ddc9394349f7978692ed380bce208dcbfd20044104597"",""src/extract_bench/inference/providers/extract/jev/variant_geometric.py"":""4b37ff54d32db9b70c311ee5f70a70eeddd120d611b5c1fc323b19d7248087df"",""src/extract_bench/inference/providers/extract/jev/variant_hierarchical.py"":""daf221d74779ae86c52197f3382da91683ffe29381f5bf0494908ba1b70858dd"",""src/extract_bench/inference/providers/extract/jev/variant_hybrid.py"":""846b51de513c32a0af92e981da99119840b8ebaa3604912d144459f8617a3cda"",""src/extract_bench/inference/providers/extract/jev/variant_localized.py"":""3ffc22ac63ad81c534d3c779d23601b911d7b562fc4f2753f3f73afa9bf04bd1"",""src/extract_bench/inference/providers/extract/jev/variant_multipage.py"":""4052fdd23e32862d08fe37aba1367e639500b836d9cb0de5dd2b44a8c58ce2d8"",""src/extract_bench/inference/providers/extract/jev/variant_rowrepair.py"":""2769faa6ad5fe50eab16f47a5dc93d2a02e6883258355b6dc9386d52ade9486b"",""src/extract_bench/inference/providers/extract/jev/variant_tables.py"":""2f386db74b474965c99d8652153ae52bbd0f2a9546ad7bb8352e47d5dfd48009"",""src/extract_bench/inference/providers/extract/table_codegen/schema_utils.py"":""0d142666f01b497c2b17beba54200f2b3f9efeba92c7ee51ec90b6bd1543f075""}","{""pdf_sha256"":""3138b0b9eb5558bd7a4926da7fd6fcbe9dc6416d598bf3b8a45721151bfb28b4"",""schema_sha256"":""3ed88269aa3b306944b365be830ad89677350e0630dcc2173bad72cef7e3041a""}",cfa1be09c1a4ae9011854a20bf47109282fceae9a5c7775868eb019474134e0d,694a2f0b37be78336ed8b203084b8b81d0de22f5c8d92ce70df814c1b184ef76,0.46715605782542907,0.41379310344827586,0.4285714285714286,0.4444444444444444,0.41379310344827586,0.0,0.0,0.0,0.0,0.0,0.0,0.0,0.640441326831655,0.1160965292076423,0.19230769230769232,0.17307692307692307,0.75,0.32142857142857145,0.5892857142857143,0.21875,0.7,0.12962962962962962,0.33766233766233766,0.65,0.22807017543859648,0.5714285714285714,0.5925925925925926,0.5517241379310345
hybrid,P4-Historical Single Signature83-10963_5480,dev,short,1,typesafe/jev-1.13,2.14.4,0.008650109999999999,45,,,"{""learning/jev/run.py"":""5008ab0aa0151b6c9184ce3ef0e52e069ab258f8168fdf2c86e6bdf77b5c5189"",""src/extract_bench/inference/providers/extract/jev/__init__.py"":""56172964a8506bc66b4cf6917d105c52425ef080f644d107e72e1ad0fbc4d25b"",""src/extract_bench/inference/providers/extract/jev/citations.py"":""9842e1acbbc28b63e0c69e0197015911da8eba281f9a09b5dbc24bdb4da5279d"",""src/extract_bench/inference/providers/extract/jev/client.py"":""2ef831c778a73e6a5ad18a5d13c5770dcd4164fc22a03db62135a782b2c19ff8"",""src/extract_bench/inference/providers/extract/jev/parser.py"":""1a60082a59808a7dfcb9382d0604dc86ca99484afdd50cd5bcd42eceb9106c81"",""src/extract_bench/inference/providers/extract/jev/variant_boundaries.py"":""d27d8704bad63a1ebfd898fc8c2c43b6575e3a07efcaf04487bfadfcd24ba5be"",""src/extract_bench/inference/providers/extract/jev/variant_fields.py"":""9a21e0920e98714a567ddc9394349f7978692ed380bce208dcbfd20044104597"",""src/extract_bench/inference/providers/extract/jev/variant_geometric.py"":""4b37ff54d32db9b70c311ee5f70a70eeddd120d611b5c1fc323b19d7248087df"",""src/extract_bench/inference/providers/extract/jev/variant_hierarchical.py"":""daf221d74779ae86c52197f3382da91683ffe29381f5bf0494908ba1b70858dd"",""src/extract_bench/inference/providers/extract/jev/variant_hybrid.py"":""846b51de513c32a0af92e981da99119840b8ebaa3604912d144459f8617a3cda"",""src/extract_bench/inference/providers/extract/jev/variant_localized.py"":""3ffc22ac63ad81c534d3c779d23601b911d7b562fc4f2753f3f73afa9bf04bd1"",""src/extract_bench/inference/providers/extract/jev/variant_multipage.py"":""4052fdd23e32862d08fe37aba1367e639500b836d9cb0de5dd2b44a8c58ce2d8"",""src/extract_bench/inference/providers/extract/jev/variant_rowrepair.py"":""2769faa6ad5fe50eab16f47a5dc93d2a02e6883258355b6dc9386d52ade9486b"",""src/extract_bench/inference/providers/extract/jev/variant_tables.py"":""2f386db74b474965c99d8652153ae52bbd0f2a9546ad7bb8352e47d5dfd48009"",""src/extract_bench/inference/providers/extract/table_codegen/schema_utils.py"":""0d142666f01b497c2b17beba54200f2b3f9efeba92c7ee51ec90b6bd1543f075""}","{""pdf_sha256"":""91e6c084622131653977e8e0f244fe4f13dbae34c8509172948939bdc94d1076"",""schema_sha256"":""c50c32330a96e7259cd4a5a5125dbae3dacc48136407eb1882f2c5f5d2388b6c""}",5b778751617899f877ae4c91b4855c234ed227bf2cefccb04c46df7a2a2c3de9,d9c5bec8e5b6296ce33f918e3e94d4f43ac8390bdf76d2639f2404960d9bd65d,0.8715972420960534,0.8461538461538461,0.8461538461538461,0.8461538461538461,0.8461538461538461,0.0,0.0,0.0,0.0,0.0,0.0,0.0,0.5057513467869643,0.07279442186922526,0.15,0.125,0.7142857142857143,0.38461538461538464,0.8461538461538461,0.13043478260869565,0.5,0.075,0.25396825396825395,0.5714285714285714,0.16326530612244897,0.8461538461538461,0.8461538461538461,0.8461538461538461
hybrid,W14-58509_W14 2nd sub revised,dev,short,1,typesafe/jev-1.13,2.14.4,0.047564286000000025,159,,,"{""learning/jev/run.py"":""5008ab0aa0151b6c9184ce3ef0e52e069ab258f8168fdf2c86e6bdf77b5c5189"",""src/extract_bench/inference/providers/extract/jev/__init__.py"":""56172964a8506bc66b4cf6917d105c52425ef080f644d107e72e1ad0fbc4d25b"",""src/extract_bench/inference/providers/extract/jev/citations.py"":""9842e1acbbc28b63e0c69e0197015911da8eba281f9a09b5dbc24bdb4da5279d"",""src/extract_bench/inference/providers/extract/jev/client.py"":""2ef831c778a73e6a5ad18a5d13c5770dcd4164fc22a03db62135a782b2c19ff8"",""src/extract_bench/inference/providers/extract/jev/parser.py"":""1a60082a59808a7dfcb9382d0604dc86ca99484afdd50cd5bcd42eceb9106c81"",""src/extract_bench/inference/providers/extract/jev/variant_boundaries.py"":""d27d8704bad63a1ebfd898fc8c2c43b6575e3a07efcaf04487bfadfcd24ba5be"",""src/extract_bench/inference/providers/extract/jev/variant_fields.py"":""9a21e0920e98714a567ddc9394349f7978692ed380bce208dcbfd20044104597"",""src/extract_bench/inference/providers/extract/jev/variant_geometric.py"":""4b37ff54d32db9b70c311ee5f70a70eeddd120d611b5c1fc323b19d7248087df"",""src/extract_bench/inference/providers/extract/jev/variant_hierarchical.py"":""daf221d74779ae86c52197f3382da91683ffe29381f5bf0494908ba1b70858dd"",""src/extract_bench/inference/providers/extract/jev/variant_hybrid.py"":""846b51de513c32a0af92e981da99119840b8ebaa3604912d144459f8617a3cda"",""src/extract_bench/inference/providers/extract/jev/variant_localized.py"":""3ffc22ac63ad81c534d3c779d23601b911d7b562fc4f2753f3f73afa9bf04bd1"",""src/extract_bench/inference/providers/extract/jev/variant_multipage.py"":""4052fdd23e32862d08fe37aba1367e639500b836d9cb0de5dd2b44a8c58ce2d8"",""src/extract_bench/inference/providers/extract/jev/variant_rowrepair.py"":""2769faa6ad5fe50eab16f47a5dc93d2a02e6883258355b6dc9386d52ade9486b"",""src/extract_bench/inference/providers/extract/jev/variant_tables.py"":""2f386db74b474965c99d8652153ae52bbd0f2a9546ad7bb8352e47d5dfd48009"",""src/extract_bench/inference/providers/extract/table_codegen/schema_utils.py"":""0d142666f01b497c2b17beba54200f2b3f9efeba92c7ee51ec90b6bd1543f075""}","{""pdf_sha256"":""22511db4eda31b6cba04e88fc8732c47e00d191d81cc9468c4e1366214f4901a"",""schema_sha256"":""7ad6ae99b204297b28920683d028ff9ef71b35a455b7a34a7f2363fd474d5d45""}",e5ada6a431eafd360c40abde660a9bf8bfff7d459f6fe2c515f9d8c5947dfc1b,adc3f397917eba9f0893a4ebac84a73ec409f5dbdfdfff2c2ba40eb7db9f4eb0,0.5998140698721537,0.5707964601769911,0.671875,0.8164556962025317,0.5707964601769911,0.0,0.0,0.0,0.0,0.0,0.0,0.0,0.06566928175013194,0.0006254217309536375,0.009523809523809525,0.009523809523809525,0.8205128205128205,0.2671232876712329,0.4315068493150685,0.0,0.0,0.0,0.2196969696969697,0.7435897435897436,0.1288888888888889,0.6979166666666667,0.8481012658227848,0.5929203539823009
hybrid,baker_hughes_earnings_deck_q4fy25,dev,medium,25,typesafe/jev-1.13,2.14.4,0.003749928,46,,,"{""learning/jev/run.py"":""409847baaa38d61b8c8a616b29d190eb59effdddbf0ae6ef0bf35e7422ac554e"",""src/extract_bench/inference/providers/extract/jev/__init__.py"":""56172964a8506bc66b4cf6917d105c52425ef080f644d107e72e1ad0fbc4d25b"",""src/extract_bench/inference/providers/extract/jev/citations.py"":""9842e1acbbc28b63e0c69e0197015911da8eba281f9a09b5dbc24bdb4da5279d"",""src/extract_bench/inference/providers/extract/jev/client.py"":""5f25a69ef3376d0821b17a17ed137ece04a292d35b4fc7156581767644a8a70a"",""src/extract_bench/inference/providers/extract/jev/parser.py"":""1a244b12c95dd53248e4bcf0659655726b92b6388c2b92cf537eb53743463d65"",""src/extract_bench/inference/providers/extract/jev/variant_boundaries.py"":""d27d8704bad63a1ebfd898fc8c2c43b6575e3a07efcaf04487bfadfcd24ba5be"",""src/extract_bench/inference/providers/extract/jev/variant_fields.py"":""9a21e0920e98714a567ddc9394349f7978692ed380bce208dcbfd20044104597"",""src/extract_bench/inference/providers/extract/jev/variant_geometric.py"":""4b37ff54d32db9b70c311ee5f70a70eeddd120d611b5c1fc323b19d7248087df"",""src/extract_bench/inference/providers/extract/jev/variant_hierarchical.py"":""daf221d74779ae86c52197f3382da91683ffe29381f5bf0494908ba1b70858dd"",""src/extract_bench/inference/providers/extract/jev/variant_hybrid.py"":""846b51de513c32a0af92e981da99119840b8ebaa3604912d144459f8617a3cda"",""src/extract_bench/inference/providers/extract/jev/variant_localized.py"":""3ffc22ac63ad81c534d3c779d23601b911d7b562fc4f2753f3f73afa9bf04bd1"",""src/extract_bench/inference/providers/extract/jev/variant_multipage.py"":""4052fdd23e32862d08fe37aba1367e639500b836d9cb0de5dd2b44a8c58ce2d8"",""src/extract_bench/inference/providers/extract/jev/variant_rowrepair.py"":""2769faa6ad5fe50eab16f47a5dc93d2a02e6883258355b6dc9386d52ade9486b"",""src/extract_bench/inference/providers/extract/jev/variant_tables.py"":""2f386db74b474965c99d8652153ae52bbd0f2a9546ad7bb8352e47d5dfd48009"",""src/extract_bench/inference/providers/extract/table_codegen/schema_utils.py"":""0d142666f01b497c2b17beba54200f2b3f9efeba92c7ee51ec90b6bd1543f075""}","{""pdf_sha256"":""0aacb98fdb9ee986940f4b1c348f403acfaa42d32621a22909c6f3abb0f75f8f"",""schema_sha256"":""9c44694c086d54a67e6f397dc2ed9f7c103738a4de5811d0395bba71a6261338""}",44bbc4fe116bc0fb1aee3b5f49f27bcdd73aa4528b8d26dc3bb7b39a198c76ad,c6c1646d9616c60e5ec64ce47e1462e02d1f7652989501a81a85e12187872201,0.4601235324330474,0.3,0.3529411764705882,0.42857142857142855,0.3,0.0,0.0,0.0,0.0,0.0,0.0,0.0,,,,,0.25,0.2857142857142857,0.42857142857142855,,,,0.6666666666666666,1.0,0.5,0.47058823529411764,0.5714285714285714,0.4
hybrid,ccc_online_0012_chubb_dodge_durango_corrupted,dev,medium,17,typesafe/jev-1.13,2.14.4,0.01401052800000001,193,,,"{""learning/jev/run.py"":""05013b37116bf6010807bca0aa1ef21af060e858d17422598d7f15185541e1de"",""src/extract_bench/inference/providers/extract/jev/__init__.py"":""56172964a8506bc66b4cf6917d105c52425ef080f644d107e72e1ad0fbc4d25b"",""src/extract_bench/inference/providers/extract/jev/citations.py"":""9842e1acbbc28b63e0c69e0197015911da8eba281f9a09b5dbc24bdb4da5279d"",""src/extract_bench/inference/providers/extract/jev/client.py"":""2ef831c778a73e6a5ad18a5d13c5770dcd4164fc22a03db62135a782b2c19ff8"",""src/extract_bench/inference/providers/extract/jev/parser.py"":""1a60082a59808a7dfcb9382d0604dc86ca99484afdd50cd5bcd42eceb9106c81"",""src/extract_bench/inference/providers/extract/jev/variant_boundaries.py"":""d27d8704bad63a1ebfd898fc8c2c43b6575e3a07efcaf04487bfadfcd24ba5be"",""src/extract_bench/inference/providers/extract/jev/variant_fields.py"":""9a21e0920e98714a567ddc9394349f7978692ed380bce208dcbfd20044104597"",""src/extract_bench/inference/providers/extract/jev/variant_geometric.py"":""4b37ff54d32db9b70c311ee5f70a70eeddd120d611b5c1fc323b19d7248087df"",""src/extract_bench/inference/providers/extract/jev/variant_hierarchical.py"":""daf221d74779ae86c52197f3382da91683ffe29381f5bf0494908ba1b70858dd"",""src/extract_bench/inference/providers/extract/jev/variant_hybrid.py"":""846b51de513c32a0af92e981da99119840b8ebaa3604912d144459f8617a3cda"",""src/extract_bench/inference/providers/extract/jev/variant_localized.py"":""3ffc22ac63ad81c534d3c779d23601b911d7b562fc4f2753f3f73afa9bf04bd1"",""src/extract_bench/inference/providers/extract/jev/variant_multipage.py"":""4052fdd23e32862d08fe37aba1367e639500b836d9cb0de5dd2b44a8c58ce2d8"",""src/extract_bench/inference/providers/extract/jev/variant_rowrepair.py"":""2769faa6ad5fe50eab16f47a5dc93d2a02e6883258355b6dc9386d52ade9486b"",""src/extract_bench/inference/providers/extract/jev/variant_tables.py"":""2f386db74b474965c99d8652153ae52bbd0f2a9546ad7bb8352e47d5dfd48009"",""src/extract_bench/inference/providers/extract/table_codegen/schema_utils.py"":""0d142666f01b497c2b17beba54200f2b3f9efeba92c7ee51ec90b6bd1543f075""}","{""pdf_sha256"":""3b36e3cc0c65b1bfa82bc668ac92ea4c7b0bd40fb42640cd155af4877157cba1"",""schema_sha256"":""97bc56fc0019939b8f89e45349601a7d6962f7f15b962b6ed32b8aa0c43e1939""}",0a52c2a9b45070205e66a5df8693f02bf04a7234ef921768728e18429eeacdf3,2d99cd08deb613384b5b9c3ad92d28250ab7c94ad6f7edff2d843d5bffd6b123,0.13077718964792528,0.17073170731707318,0.18025751072961374,0.19090909090909092,0.17073170731707318,0.5555555555555556,0.0,0.0,0.0,0.0,0.0,0.0,,,,,0.03508771929824561,0.07936507936507936,0.19047619047619047,,,,0.0,0.0,0.0,0.18025751072961374,0.19090909090909092,0.17073170731707318
hybrid,cfpb_closing-disclosure_filled-sample_corrupted,dev,short,5,typesafe/jev-1.13,2.14.4,0.013256502000000002,89,,,"{""learning/jev/run.py"":""5008ab0aa0151b6c9184ce3ef0e52e069ab258f8168fdf2c86e6bdf77b5c5189"",""src/extract_bench/inference/providers/extract/jev/__init__.py"":""56172964a8506bc66b4cf6917d105c52425ef080f644d107e72e1ad0fbc4d25b"",""src/extract_bench/inference/providers/extract/jev/citations.py"":""9842e1acbbc28b63e0c69e0197015911da8eba281f9a09b5dbc24bdb4da5279d"",""src/extract_bench/inference/providers/extract/jev/client.py"":""2ef831c778a73e6a5ad18a5d13c5770dcd4164fc22a03db62135a782b2c19ff8"",""src/extract_bench/inference/providers/extract/jev/parser.py"":""1a60082a59808a7dfcb9382d0604dc86ca99484afdd50cd5bcd42eceb9106c81"",""src/extract_bench/inference/providers/extract/jev/variant_boundaries.py"":""d27d8704bad63a1ebfd898fc8c2c43b6575e3a07efcaf04487bfadfcd24ba5be"",""src/extract_bench/inference/providers/extract/jev/variant_fields.py"":""9a21e0920e98714a567ddc9394349f7978692ed380bce208dcbfd20044104597"",""src/extract_bench/inference/providers/extract/jev/variant_geometric.py"":""4b37ff54d32db9b70c311ee5f70a70eeddd120d611b5c1fc323b19d7248087df"",""src/extract_bench/inference/providers/extract/jev/variant_hierarchical.py"":""daf221d74779ae86c52197f3382da91683ffe29381f5bf0494908ba1b70858dd"",""src/extract_bench/inference/providers/extract/jev/variant_hybrid.py"":""846b51de513c32a0af92e981da99119840b8ebaa3604912d144459f8617a3cda"",""src/extract_bench/inference/providers/extract/jev/variant_localized.py"":""3ffc22ac63ad81c534d3c779d23601b911d7b562fc4f2753f3f73afa9bf04bd1"",""src/extract_bench/inference/providers/extract/jev/variant_multipage.py"":""4052fdd23e32862d08fe37aba1367e639500b836d9cb0de5dd2b44a8c58ce2d8"",""src/extract_bench/inference/providers/extract/jev/variant_rowrepair.py"":""2769faa6ad5fe50eab16f47a5dc93d2a02e6883258355b6dc9386d52ade9486b"",""src/extract_bench/inference/providers/extract/jev/variant_tables.py"":""2f386db74b474965c99d8652153ae52bbd0f2a9546ad7bb8352e47d5dfd48009"",""src/extract_bench/inference/providers/extract/table_codegen/schema_utils.py"":""0d142666f01b497c2b17beba54200f2b3f9efeba92c7ee51ec90b6bd1543f075""}","{""pdf_sha256"":""257964ee735970ddf25d6dd56b3e34af80fcca8c473f9cc79eb8388ea253bc7b"",""schema_sha256"":""166b66fcdeba068088c5d867c232204bbff04cd0b3bac9badabaa4f95e0d655e""}",080cbef6956fedc8380475823dc948d0ebd9c2333f3c6f7582b86a18e24c6ca4,c02fc1cae62202a232837f614e6b6ceeac7225ddb9a842d338ee031823c90214,0.13733897620474103,0.3064516129032258,0.33928571428571425,0.38,0.3064516129032258,1.0263157894736843,0.0,0.0,0.0,0.0,0.0,0.0,,,,,0.05309734513274336,0.17891373801916932,0.30670926517571884,,,,,,,0.33928571428571425,0.38,0.3064516129032258
hybrid,gsa_mas_it_labor_0010,dev,medium,15,typesafe/jev-1.13,2.14.4,0.003914904,48,,,"{""learning/jev/run.py"":""409847baaa38d61b8c8a616b29d190eb59effdddbf0ae6ef0bf35e7422ac554e"",""src/extract_bench/inference/providers/extract/jev/__init__.py"":""56172964a8506bc66b4cf6917d105c52425ef080f644d107e72e1ad0fbc4d25b"",""src/extract_bench/inference/providers/extract/jev/citations.py"":""9842e1acbbc28b63e0c69e0197015911da8eba281f9a09b5dbc24bdb4da5279d"",""src/extract_bench/inference/providers/extract/jev/client.py"":""be7260d7335e9aec920b2c880af1f00e0e2c28724f0abf9c6fa0420f5c0185e3"",""src/extract_bench/inference/providers/extract/jev/parser.py"":""1a244b12c95dd53248e4bcf0659655726b92b6388c2b92cf537eb53743463d65"",""src/extract_bench/inference/providers/extract/jev/variant_boundaries.py"":""d27d8704bad63a1ebfd898fc8c2c43b6575e3a07efcaf04487bfadfcd24ba5be"",""src/extract_bench/inference/providers/extract/jev/variant_fields.py"":""9a21e0920e98714a567ddc9394349f7978692ed380bce208dcbfd20044104597"",""src/extract_bench/inference/providers/extract/jev/variant_geometric.py"":""4b37ff54d32db9b70c311ee5f70a70eeddd120d611b5c1fc323b19d7248087df"",""src/extract_bench/inference/providers/extract/jev/variant_hierarchical.py"":""daf221d74779ae86c52197f3382da91683ffe29381f5bf0494908ba1b70858dd"",""src/extract_bench/inference/providers/extract/jev/variant_hybrid.py"":""846b51de513c32a0af92e981da99119840b8ebaa3604912d144459f8617a3cda"",""src/extract_bench/inference/providers/extract/jev/variant_localized.py"":""3ffc22ac63ad81c534d3c779d23601b911d7b562fc4f2753f3f73afa9bf04bd1"",""src/extract_bench/inference/providers/extract/jev/variant_multipage.py"":""4052fdd23e32862d08fe37aba1367e639500b836d9cb0de5dd2b44a8c58ce2d8"",""src/extract_bench/inference/providers/extract/jev/variant_rowrepair.py"":""2769faa6ad5fe50eab16f47a5dc93d2a02e6883258355b6dc9386d52ade9486b"",""src/extract_bench/inference/providers/extract/jev/variant_tables.py"":""2f386db74b474965c99d8652153ae52bbd0f2a9546ad7bb8352e47d5dfd48009"",""src/extract_bench/inference/providers/extract/table_codegen/schema_utils.py"":""0d142666f01b497c2b17beba54200f2b3f9efeba92c7ee51ec90b6bd1543f075""}","{""pdf_sha256"":""f635fa705077b35a36859509c0094cf6a17f1bd6d29c830bced79183ddc3be58"",""schema_sha256"":""27a32c93f440da9aaa09878c85e8185c47eef79f2d42843d4ff878498bf7a573""}",696be680a4bdb2160407d03cd3342ae61b2139843264c0e2175bf2ee9d13969c,a77114ecf70a067536cec709af3a5f188bd9de3dd0cecbac6a68d9a754d5542a,0.06529933481152993,0.12121212121212122,0.08333333333333333,0.06349206349206349,0.12121212121212122,2.0,0.0,0.0,0.0,0.0,0.0,0.0,,,,,0.0,0.0,0.15151515151515152,,,,,,,0.08333333333333333,0.06349206349206349,0.12121212121212122
hybrid,mcdonalds_receipt_chicago_documentcloud,dev,short,1,typesafe/jev-1.13,2.14.4,0.0024200399999999996,12,,,"{""learning/jev/run.py"":""5008ab0aa0151b6c9184ce3ef0e52e069ab258f8168fdf2c86e6bdf77b5c5189"",""src/extract_bench/inference/providers/extract/jev/__init__.py"":""56172964a8506bc66b4cf6917d105c52425ef080f644d107e72e1ad0fbc4d25b"",""src/extract_bench/inference/providers/extract/jev/citations.py"":""9842e1acbbc28b63e0c69e0197015911da8eba281f9a09b5dbc24bdb4da5279d"",""src/extract_bench/inference/providers/extract/jev/client.py"":""2ef831c778a73e6a5ad18a5d13c5770dcd4164fc22a03db62135a782b2c19ff8"",""src/extract_bench/inference/providers/extract/jev/parser.py"":""1a60082a59808a7dfcb9382d0604dc86ca99484afdd50cd5bcd42eceb9106c81"",""src/extract_bench/inference/providers/extract/jev/variant_boundaries.py"":""d27d8704bad63a1ebfd898fc8c2c43b6575e3a07efcaf04487bfadfcd24ba5be"",""src/extract_bench/inference/providers/extract/jev/variant_fields.py"":""9a21e0920e98714a567ddc9394349f7978692ed380bce208dcbfd20044104597"",""src/extract_bench/inference/providers/extract/jev/variant_geometric.py"":""4b37ff54d32db9b70c311ee5f70a70eeddd120d611b5c1fc323b19d7248087df"",""src/extract_bench/inference/providers/extract/jev/variant_hierarchical.py"":""daf221d74779ae86c52197f3382da91683ffe29381f5bf0494908ba1b70858dd"",""src/extract_bench/inference/providers/extract/jev/variant_hybrid.py"":""846b51de513c32a0af92e981da99119840b8ebaa3604912d144459f8617a3cda"",""src/extract_bench/inference/providers/extract/jev/variant_localized.py"":""3ffc22ac63ad81c534d3c779d23601b911d7b562fc4f2753f3f73afa9bf04bd1"",""src/extract_bench/inference/providers/extract/jev/variant_multipage.py"":""4052fdd23e32862d08fe37aba1367e639500b836d9cb0de5dd2b44a8c58ce2d8"",""src/extract_bench/inference/providers/extract/jev/variant_rowrepair.py"":""2769faa6ad5fe50eab16f47a5dc93d2a02e6883258355b6dc9386d52ade9486b"",""src/extract_bench/inference/providers/extract/jev/variant_tables.py"":""2f386db74b474965c99d8652153ae52bbd0f2a9546ad7bb8352e47d5dfd48009"",""src/extract_bench/inference/providers/extract/table_codegen/schema_utils.py"":""0d142666f01b497c2b17beba54200f2b3f9efeba92c7ee51ec90b6bd1543f075""}","{""pdf_sha256"":""7733dfb56fe7f3b58d5f9070463d1f9341a44794f871c5aaacccb6278ac5ddd6"",""schema_sha256"":""0b8525756617e8df86ef0599fb3b7b4a3c81a9cab45d9e6dd38fe11c51473d84""}",2e3e6a480fb0356048eed0387ffd1ddc6b19f3af6892553d62403773f8ff2c13,202bb9fb26a8781237411c6596a1db33969e091ace0d0a7d15abe4ad6ec4c822,0.2232108209771879,0.39215686274509803,0.3333333333333333,0.2898550724637681,0.39215686274509803,1.5,0.0,0.0,0.0,0.0,0.0,0.0,,,,,0.0,0.21818181818181817,0.36363636363636365,,,,,,,0.3492063492063492,0.3055555555555556,0.4074074074074074
hybrid,ms_medicaid_ra_adjustments_corrupted,dev,short,4,typesafe/jev-1.13,2.14.4,0.0012985560000000006,30,,,"{""learning/jev/run.py"":""5008ab0aa0151b6c9184ce3ef0e52e069ab258f8168fdf2c86e6bdf77b5c5189"",""src/extract_bench/inference/providers/extract/jev/__init__.py"":""56172964a8506bc66b4cf6917d105c52425ef080f644d107e72e1ad0fbc4d25b"",""src/extract_bench/inference/providers/extract/jev/citations.py"":""9842e1acbbc28b63e0c69e0197015911da8eba281f9a09b5dbc24bdb4da5279d"",""src/extract_bench/inference/providers/extract/jev/client.py"":""2ef831c778a73e6a5ad18a5d13c5770dcd4164fc22a03db62135a782b2c19ff8"",""src/extract_bench/inference/providers/extract/jev/parser.py"":""1a60082a59808a7dfcb9382d0604dc86ca99484afdd50cd5bcd42eceb9106c81"",""src/extract_bench/inference/providers/extract/jev/variant_boundaries.py"":""d27d8704bad63a1ebfd898fc8c2c43b6575e3a07efcaf04487bfadfcd24ba5be"",""src/extract_bench/inference/providers/extract/jev/variant_fields.py"":""9a21e0920e98714a567ddc9394349f7978692ed380bce208dcbfd20044104597"",""src/extract_bench/inference/providers/extract/jev/variant_geometric.py"":""4b37ff54d32db9b70c311ee5f70a70eeddd120d611b5c1fc323b19d7248087df"",""src/extract_bench/inference/providers/extract/jev/variant_hierarchical.py"":""daf221d74779ae86c52197f3382da91683ffe29381f5bf0494908ba1b70858dd"",""src/extract_bench/inference/providers/extract/jev/variant_hybrid.py"":""846b51de513c32a0af92e981da99119840b8ebaa3604912d144459f8617a3cda"",""src/extract_bench/inference/providers/extract/jev/variant_localized.py"":""3ffc22ac63ad81c534d3c779d23601b911d7b562fc4f2753f3f73afa9bf04bd1"",""src/extract_bench/inference/providers/extract/jev/variant_multipage.py"":""4052fdd23e32862d08fe37aba1367e639500b836d9cb0de5dd2b44a8c58ce2d8"",""src/extract_bench/inference/providers/extract/jev/variant_rowrepair.py"":""2769faa6ad5fe50eab16f47a5dc93d2a02e6883258355b6dc9386d52ade9486b"",""src/extract_bench/inference/providers/extract/jev/variant_tables.py"":""2f386db74b474965c99d8652153ae52bbd0f2a9546ad7bb8352e47d5dfd48009"",""src/extract_bench/inference/providers/extract/table_codegen/schema_utils.py"":""0d142666f01b497c2b17beba54200f2b3f9efeba92c7ee51ec90b6bd1543f075""}","{""pdf_sha256"":""9b17b95061663faaa627a2fb38558cc2a4e030a7e9669755b1e0e2792a83bf4e"",""schema_sha256"":""13eaa707b5ac17f2c0deef4667980b1ee49b2113f51f1c5eabdf266e4b1b5db5""}",e6479a64503246b559d8085d87453a4834c8b129ad63b8ca8f194e0207bc5b43,672caede12c9359e8a38751c3c0ac61ef8f9423f1a0c9594fa5f1df512e241bc,0.0,0.0,0.0,0.0,0.0,0.0,0.0,0.0,0.0,0.0,0.0,0.0,,,,,0.0,0.0,0.0,,,,,,,0.0,0.0,0.0
hybrid,sec_13f_0026_brown_brothers_harriman,dev,long,55,typesafe/jev-1.13,2.14.4,0.007619598000000001,118,,,"{""learning/jev/run.py"":""409847baaa38d61b8c8a616b29d190eb59effdddbf0ae6ef0bf35e7422ac554e"",""src/extract_bench/inference/providers/extract/jev/__init__.py"":""56172964a8506bc66b4cf6917d105c52425ef080f644d107e72e1ad0fbc4d25b"",""src/extract_bench/inference/providers/extract/jev/citations.py"":""9842e1acbbc28b63e0c69e0197015911da8eba281f9a09b5dbc24bdb4da5279d"",""src/extract_bench/inference/providers/extract/jev/client.py"":""be7260d7335e9aec920b2c880af1f00e0e2c28724f0abf9c6fa0420f5c0185e3"",""src/extract_bench/inference/providers/extract/jev/parser.py"":""1a244b12c95dd53248e4bcf0659655726b92b6388c2b92cf537eb53743463d65"",""src/extract_bench/inference/providers/extract/jev/variant_boundaries.py"":""d27d8704bad63a1ebfd898fc8c2c43b6575e3a07efcaf04487bfadfcd24ba5be"",""src/extract_bench/inference/providers/extract/jev/variant_fields.py"":""9a21e0920e98714a567ddc9394349f7978692ed380bce208dcbfd20044104597"",""src/extract_bench/inference/providers/extract/jev/variant_geometric.py"":""4b37ff54d32db9b70c311ee5f70a70eeddd120d611b5c1fc323b19d7248087df"",""src/extract_bench/inference/providers/extract/jev/variant_hierarchical.py"":""daf221d74779ae86c52197f3382da91683ffe29381f5bf0494908ba1b70858dd"",""src/extract_bench/inference/providers/extract/jev/variant_hybrid.py"":""846b51de513c32a0af92e981da99119840b8ebaa3604912d144459f8617a3cda"",""src/extract_bench/inference/providers/extract/jev/variant_localized.py"":""3ffc22ac63ad81c534d3c779d23601b911d7b562fc4f2753f3f73afa9bf04bd1"",""src/extract_bench/inference/providers/extract/jev/variant_multipage.py"":""4052fdd23e32862d08fe37aba1367e639500b836d9cb0de5dd2b44a8c58ce2d8"",""src/extract_bench/inference/providers/extract/jev/variant_rowrepair.py"":""2769faa6ad5fe50eab16f47a5dc93d2a02e6883258355b6dc9386d52ade9486b"",""src/extract_bench/inference/providers/extract/jev/variant_tables.py"":""2f386db74b474965c99d8652153ae52bbd0f2a9546ad7bb8352e47d5dfd48009"",""src/extract_bench/inference/providers/extract/table_codegen/schema_utils.py"":""0d142666f01b497c2b17beba54200f2b3f9efeba92c7ee51ec90b6bd1543f075""}","{""pdf_sha256"":""4787d70ca373866d0e595f923c9305d0759e63f7dd7128e070b78efbf3632283"",""schema_sha256"":""213162a02c73274888105e01841954b374bf7e76f4b89a13bd4012e54d267862""}",1bde42b307da1a56bf86ee83249c7a9220848629a54012b396f553d7b6da701f,300be65fdc7a28999470374037ec36a75ead5137bb024fac7596867c7ca025f1,4.348204191668841e-05,0.0028776978417266188,0.005671747607231478,0.1951219512195122,0.0028776978417266188,0.014697569248162803,0.0,0.0,0.0,0.0,0.0,0.0,0.005351214755867188,2.718024679829077e-05,0.010253705982305033,5.8592605613171615e-05,0.0004625109203967316,0.0003913383772501957,0.0004348204191668841,0.007790697674418603,0.5037593984962406,0.003925704576082498,0.009068185781549729,0.5735294117647058,0.004570223237827386,0.008741483481167246,0.3008849557522124,0.004435168275502218
hybrid,utah_fleet_rate_schedule_fy2024,dev,short,2,typesafe/jev-1.13,2.14.4,0.0008242079999999999,10,,,"{""learning/jev/run.py"":""5008ab0aa0151b6c9184ce3ef0e52e069ab258f8168fdf2c86e6bdf77b5c5189"",""src/extract_bench/inference/providers/extract/jev/__init__.py"":""56172964a8506bc66b4cf6917d105c52425ef080f644d107e72e1ad0fbc4d25b"",""src/extract_bench/inference/providers/extract/jev/citations.py"":""9842e1acbbc28b63e0c69e0197015911da8eba281f9a09b5dbc24bdb4da5279d"",""src/extract_bench/inference/providers/extract/jev/client.py"":""2ef831c778a73e6a5ad18a5d13c5770dcd4164fc22a03db62135a782b2c19ff8"",""src/extract_bench/inference/providers/extract/jev/parser.py"":""1a60082a59808a7dfcb9382d0604dc86ca99484afdd50cd5bcd42eceb9106c81"",""src/extract_bench/inference/providers/extract/jev/variant_boundaries.py"":""d27d8704bad63a1ebfd898fc8c2c43b6575e3a07efcaf04487bfadfcd24ba5be"",""src/extract_bench/inference/providers/extract/jev/variant_fields.py"":""9a21e0920e98714a567ddc9394349f7978692ed380bce208dcbfd20044104597"",""src/extract_bench/inference/providers/extract/jev/variant_geometric.py"":""4b37ff54d32db9b70c311ee5f70a70eeddd120d611b5c1fc323b19d7248087df"",""src/extract_bench/inference/providers/extract/jev/variant_hierarchical.py"":""daf221d74779ae86c52197f3382da91683ffe29381f5bf0494908ba1b70858dd"",""src/extract_bench/inference/providers/extract/jev/variant_hybrid.py"":""846b51de513c32a0af92e981da99119840b8ebaa3604912d144459f8617a3cda"",""src/extract_bench/inference/providers/extract/jev/variant_localized.py"":""3ffc22ac63ad81c534d3c779d23601b911d7b562fc4f2753f3f73afa9bf04bd1"",""src/extract_bench/inference/providers/extract/jev/variant_multipage.py"":""4052fdd23e32862d08fe37aba1367e639500b836d9cb0de5dd2b44a8c58ce2d8"",""src/extract_bench/inference/providers/extract/jev/variant_rowrepair.py"":""2769faa6ad5fe50eab16f47a5dc93d2a02e6883258355b6dc9386d52ade9486b"",""src/extract_bench/inference/providers/extract/jev/variant_tables.py"":""2f386db74b474965c99d8652153ae52bbd0f2a9546ad7bb8352e47d5dfd48009"",""src/extract_bench/inference/providers/extract/table_codegen/schema_utils.py"":""0d142666f01b497c2b17beba54200f2b3f9efeba92c7ee51ec90b6bd1543f075""}","{""pdf_sha256"":""0b3841123954a66b6eec5cc0cd75c42c58910e6ac0558a65bdb21591af6bcc30"",""schema_sha256"":""8d2100fb3b42f63411a8a3e12b615f0247d4b2b50331a715a4fa980a6b54b23c""}",7df49e36d07515c231ba34d74d3e5064f8b66037b9e54d51ef4cec9a9fb1a001,f75b13b5e5e6069fc0a82983977fadf28860dbd40bef414d486b9fa5272a6024,0.004635139367366113,0.07058823529411765,0.10169491525423728,0.18181818181818182,0.07058823529411765,0.38095238095238093,0.0,0.0,0.0,0.0,0.0,0.0,,,,,0.017543859649122806,0.017543859649122806,0.04093567251461988,,,,,,,0.11016949152542373,0.19696969696969696,0.07647058823529412
boundaries,07021-2016-p0018,dev,short,1,typesafe/jev-1.13,2.14.4,0.008465562,54,,,"{""learning/jev/run.py"":""5008ab0aa0151b6c9184ce3ef0e52e069ab258f8168fdf2c86e6bdf77b5c5189"",""src/extract_bench/inference/providers/extract/jev/__init__.py"":""56172964a8506bc66b4cf6917d105c52425ef080f644d107e72e1ad0fbc4d25b"",""src/extract_bench/inference/providers/extract/jev/citations.py"":""9842e1acbbc28b63e0c69e0197015911da8eba281f9a09b5dbc24bdb4da5279d"",""src/extract_bench/inference/providers/extract/jev/client.py"":""2ef831c778a73e6a5ad18a5d13c5770dcd4164fc22a03db62135a782b2c19ff8"",""src/extract_bench/inference/providers/extract/jev/parser.py"":""1a60082a59808a7dfcb9382d0604dc86ca99484afdd50cd5bcd42eceb9106c81"",""src/extract_bench/inference/providers/extract/jev/variant_boundaries.py"":""d27d8704bad63a1ebfd898fc8c2c43b6575e3a07efcaf04487bfadfcd24ba5be"",""src/extract_bench/inference/providers/extract/jev/variant_fields.py"":""9a21e0920e98714a567ddc9394349f7978692ed380bce208dcbfd20044104597"",""src/extract_bench/inference/providers/extract/jev/variant_geometric.py"":""4b37ff54d32db9b70c311ee5f70a70eeddd120d611b5c1fc323b19d7248087df"",""src/extract_bench/inference/providers/extract/jev/variant_hierarchical.py"":""daf221d74779ae86c52197f3382da91683ffe29381f5bf0494908ba1b70858dd"",""src/extract_bench/inference/providers/extract/jev/variant_hybrid.py"":""846b51de513c32a0af92e981da99119840b8ebaa3604912d144459f8617a3cda"",""src/extract_bench/inference/providers/extract/jev/variant_localized.py"":""3ffc22ac63ad81c534d3c779d23601b911d7b562fc4f2753f3f73afa9bf04bd1"",""src/extract_bench/inference/providers/extract/jev/variant_multipage.py"":""4052fdd23e32862d08fe37aba1367e639500b836d9cb0de5dd2b44a8c58ce2d8"",""src/extract_bench/inference/providers/extract/jev/variant_rowrepair.py"":""f43528c009e696b187e7dae7edd7551f363719ffd2e0bb7a5b545ec65706cb40"",""src/extract_bench/inference/providers/extract/jev/variant_tables.py"":""2f386db74b474965c99d8652153ae52bbd0f2a9546ad7bb8352e47d5dfd48009"",""src/extract_bench/inference/providers/extract/table_codegen/schema_utils.py"":""0d142666f01b497c2b17beba54200f2b3f9efeba92c7ee51ec90b6bd1543f075""}","{""pdf_sha256"":""e667acf072151b34ddaee54965db1c838855019efce443d610c826b21472cdb5"",""schema_sha256"":""30623361bad97ee66e685ddc8d0e859150ec2019b914757799140b776e80938a""}",71bca2029ac1882af933c21791d13e0bb3f2d9cca49209f37fde2e851dfefc8b,525840a08bef094f42e53d5f6111dbc3fc11d8f391b3ce9a96b00521b4beab49,0.40178123822889206,0.40425531914893614,0.4222222222222222,0.4418604651162791,0.40425531914893614,0.0,0.0,0.0,0.0,0.0,0.0,0.0,0.0,0.0,0.0,0.0,0.5,0.10344827586206896,0.20689655172413793,0.0,0.0,0.0,0.06060606060606061,0.16666666666666666,0.037037037037037035,0.4222222222222222,0.4418604651162791,0.40425531914893614
boundaries,H9-53-59_60,dev,short,1,typesafe/jev-1.13,2.14.4,0.008710379999999997,60,,,"{""learning/jev/run.py"":""5008ab0aa0151b6c9184ce3ef0e52e069ab258f8168fdf2c86e6bdf77b5c5189"",""src/extract_bench/inference/providers/extract/jev/__init__.py"":""56172964a8506bc66b4cf6917d105c52425ef080f644d107e72e1ad0fbc4d25b"",""src/extract_bench/inference/providers/extract/jev/citations.py"":""9842e1acbbc28b63e0c69e0197015911da8eba281f9a09b5dbc24bdb4da5279d"",""src/extract_bench/inference/providers/extract/jev/client.py"":""2ef831c778a73e6a5ad18a5d13c5770dcd4164fc22a03db62135a782b2c19ff8"",""src/extract_bench/inference/providers/extract/jev/parser.py"":""1a60082a59808a7dfcb9382d0604dc86ca99484afdd50cd5bcd42eceb9106c81"",""src/extract_bench/inference/providers/extract/jev/variant_boundaries.py"":""d27d8704bad63a1ebfd898fc8c2c43b6575e3a07efcaf04487bfadfcd24ba5be"",""src/extract_bench/inference/providers/extract/jev/variant_fields.py"":""9a21e0920e98714a567ddc9394349f7978692ed380bce208dcbfd20044104597"",""src/extract_bench/inference/providers/extract/jev/variant_geometric.py"":""4b37ff54d32db9b70c311ee5f70a70eeddd120d611b5c1fc323b19d7248087df"",""src/extract_bench/inference/providers/extract/jev/variant_hierarchical.py"":""daf221d74779ae86c52197f3382da91683ffe29381f5bf0494908ba1b70858dd"",""src/extract_bench/inference/providers/extract/jev/variant_hybrid.py"":""846b51de513c32a0af92e981da99119840b8ebaa3604912d144459f8617a3cda"",""src/extract_bench/inference/providers/extract/jev/variant_localized.py"":""3ffc22ac63ad81c534d3c779d23601b911d7b562fc4f2753f3f73afa9bf04bd1"",""src/extract_bench/inference/providers/extract/jev/variant_multipage.py"":""4052fdd23e32862d08fe37aba1367e639500b836d9cb0de5dd2b44a8c58ce2d8"",""src/extract_bench/inference/providers/extract/jev/variant_rowrepair.py"":""2769faa6ad5fe50eab16f47a5dc93d2a02e6883258355b6dc9386d52ade9486b"",""src/extract_bench/inference/providers/extract/jev/variant_tables.py"":""2f386db74b474965c99d8652153ae52bbd0f2a9546ad7bb8352e47d5dfd48009"",""src/extract_bench/inference/providers/extract/table_codegen/schema_utils.py"":""0d142666f01b497c2b17beba54200f2b3f9efeba92c7ee51ec90b6bd1543f075""}","{""pdf_sha256"":""3138b0b9eb5558bd7a4926da7fd6fcbe9dc6416d598bf3b8a45721151bfb28b4"",""schema_sha256"":""3ed88269aa3b306944b365be830ad89677350e0630dcc2173bad72cef7e3041a""}",5cd132b6288993ee0bb0ee6544bb70c1cb573fb9c07e0059c534368653c1646e,2779700f697110d8bbaecc1619be8d840d78251ee8571c597f3d36445d909d97,0.43539061513199445,0.3793103448275862,0.39285714285714285,0.4074074074074074,0.3793103448275862,0.0,0.0,0.0,0.0,0.0,0.0,0.0,0.0,0.0,0.0,0.0,0.7727272727272727,0.35714285714285715,0.625,0.0,0.0,0.0,0.3797468354430379,0.6818181818181818,0.2631578947368421,0.6071428571428571,0.6296296296296297,0.5862068965517241
boundaries,P4-Historical Single Signature83-10963_5480,dev,short,1,typesafe/jev-1.13,2.14.4,0.008375555999999998,52,,,"{""learning/jev/run.py"":""5008ab0aa0151b6c9184ce3ef0e52e069ab258f8168fdf2c86e6bdf77b5c5189"",""src/extract_bench/inference/providers/extract/jev/__init__.py"":""56172964a8506bc66b4cf6917d105c52425ef080f644d107e72e1ad0fbc4d25b"",""src/extract_bench/inference/providers/extract/jev/citations.py"":""9842e1acbbc28b63e0c69e0197015911da8eba281f9a09b5dbc24bdb4da5279d"",""src/extract_bench/inference/providers/extract/jev/client.py"":""2ef831c778a73e6a5ad18a5d13c5770dcd4164fc22a03db62135a782b2c19ff8"",""src/extract_bench/inference/providers/extract/jev/parser.py"":""1a60082a59808a7dfcb9382d0604dc86ca99484afdd50cd5bcd42eceb9106c81"",""src/extract_bench/inference/providers/extract/jev/variant_boundaries.py"":""d27d8704bad63a1ebfd898fc8c2c43b6575e3a07efcaf04487bfadfcd24ba5be"",""src/extract_bench/inference/providers/extract/jev/variant_fields.py"":""9a21e0920e98714a567ddc9394349f7978692ed380bce208dcbfd20044104597"",""src/extract_bench/inference/providers/extract/jev/variant_geometric.py"":""4b37ff54d32db9b70c311ee5f70a70eeddd120d611b5c1fc323b19d7248087df"",""src/extract_bench/inference/providers/extract/jev/variant_hierarchical.py"":""daf221d74779ae86c52197f3382da91683ffe29381f5bf0494908ba1b70858dd"",""src/extract_bench/inference/providers/extract/jev/variant_hybrid.py"":""846b51de513c32a0af92e981da99119840b8ebaa3604912d144459f8617a3cda"",""src/extract_bench/inference/providers/extract/jev/variant_localized.py"":""3ffc22ac63ad81c534d3c779d23601b911d7b562fc4f2753f3f73afa9bf04bd1"",""src/extract_bench/inference/providers/extract/jev/variant_multipage.py"":""4052fdd23e32862d08fe37aba1367e639500b836d9cb0de5dd2b44a8c58ce2d8"",""src/extract_bench/inference/providers/extract/jev/variant_rowrepair.py"":""2769faa6ad5fe50eab16f47a5dc93d2a02e6883258355b6dc9386d52ade9486b"",""src/extract_bench/inference/providers/extract/jev/variant_tables.py"":""2f386db74b474965c99d8652153ae52bbd0f2a9546ad7bb8352e47d5dfd48009"",""src/extract_bench/inference/providers/extract/table_codegen/schema_utils.py"":""0d142666f01b497c2b17beba54200f2b3f9efeba92c7ee51ec90b6bd1543f075""}","{""pdf_sha256"":""91e6c084622131653977e8e0f244fe4f13dbae34c8509172948939bdc94d1076"",""schema_sha256"":""c50c32330a96e7259cd4a5a5125dbae3dacc48136407eb1882f2c5f5d2388b6c""}",4645d5bea4b70e4e733a40e65c408bc3f3a9f8e4b0640e562f3d50b5f1616520,21e4792adf76830ed38ef15835e0dcb2122b25634cbc66c4c4c1096fcaa20514,0.6446279071697292,0.5961538461538461,0.5961538461538461,0.5961538461538461,0.5961538461538461,0.0,0.0,0.0,0.0,0.0,0.0,0.0,0.0,0.0,0.0,0.0,0.6428571428571429,0.36538461538461536,0.7307692307692307,0.0,0.0,0.0,0.22222222222222224,0.5,0.14285714285714285,0.7307692307692306,0.7307692307692307,0.7307692307692307
boundaries,W14-58509_W14 2nd sub revised,dev,short,1,typesafe/jev-1.13,2.14.4,0.028285991999999996,136,,,"{""learning/jev/run.py"":""5008ab0aa0151b6c9184ce3ef0e52e069ab258f8168fdf2c86e6bdf77b5c5189"",""src/extract_bench/inference/providers/extract/jev/__init__.py"":""56172964a8506bc66b4cf6917d105c52425ef080f644d107e72e1ad0fbc4d25b"",""src/extract_bench/inference/providers/extract/jev/citations.py"":""9842e1acbbc28b63e0c69e0197015911da8eba281f9a09b5dbc24bdb4da5279d"",""src/extract_bench/inference/providers/extract/jev/client.py"":""2ef831c778a73e6a5ad18a5d13c5770dcd4164fc22a03db62135a782b2c19ff8"",""src/extract_bench/inference/providers/extract/jev/parser.py"":""1a60082a59808a7dfcb9382d0604dc86ca99484afdd50cd5bcd42eceb9106c81"",""src/extract_bench/inference/providers/extract/jev/variant_boundaries.py"":""d27d8704bad63a1ebfd898fc8c2c43b6575e3a07efcaf04487bfadfcd24ba5be"",""src/extract_bench/inference/providers/extract/jev/variant_fields.py"":""9a21e0920e98714a567ddc9394349f7978692ed380bce208dcbfd20044104597"",""src/extract_bench/inference/providers/extract/jev/variant_geometric.py"":""4b37ff54d32db9b70c311ee5f70a70eeddd120d611b5c1fc323b19d7248087df"",""src/extract_bench/inference/providers/extract/jev/variant_hierarchical.py"":""daf221d74779ae86c52197f3382da91683ffe29381f5bf0494908ba1b70858dd"",""src/extract_bench/inference/providers/extract/jev/variant_hybrid.py"":""846b51de513c32a0af92e981da99119840b8ebaa3604912d144459f8617a3cda"",""src/extract_bench/inference/providers/extract/jev/variant_localized.py"":""3ffc22ac63ad81c534d3c779d23601b911d7b562fc4f2753f3f73afa9bf04bd1"",""src/extract_bench/inference/providers/extract/jev/variant_multipage.py"":""4052fdd23e32862d08fe37aba1367e639500b836d9cb0de5dd2b44a8c58ce2d8"",""src/extract_bench/inference/providers/extract/jev/variant_rowrepair.py"":""2769faa6ad5fe50eab16f47a5dc93d2a02e6883258355b6dc9386d52ade9486b"",""src/extract_bench/inference/providers/extract/jev/variant_tables.py"":""2f386db74b474965c99d8652153ae52bbd0f2a9546ad7bb8352e47d5dfd48009"",""src/extract_bench/inference/providers/extract/table_codegen/schema_utils.py"":""0d142666f01b497c2b17beba54200f2b3f9efeba92c7ee51ec90b6bd1543f075""}","{""pdf_sha256"":""22511db4eda31b6cba04e88fc8732c47e00d191d81cc9468c4e1366214f4901a"",""schema_sha256"":""7ad6ae99b204297b28920683d028ff9ef71b35a455b7a34a7f2363fd474d5d45""}",b668847fad402f4a726c5b909133ba1d02e5e9bfb8eeb84d4174e1a9b4d18cf6,4b8d0f6aec3a939bde6f3fd84ddb901fc0da26c3abf88453cad3bc56ebe87d24,0.5594878254702983,0.5353982300884956,0.6302083333333334,0.7658227848101266,0.5353982300884956,0.0,0.0,0.0,0.0,0.0,0.0,0.0,0.0,0.0,0.0,0.0,0.96875,0.2671232876712329,0.4246575342465753,0.0,0.0,0.0,0.2084942084942085,0.7941176470588235,0.12,0.6875,0.8354430379746836,0.584070796460177
boundaries,baker_hughes_earnings_deck_q4fy25,dev,medium,25,typesafe/jev-1.13,2.14.4,0.005752026000000002,52,,,"{""learning/jev/run.py"":""409847baaa38d61b8c8a616b29d190eb59effdddbf0ae6ef0bf35e7422ac554e"",""src/extract_bench/inference/providers/extract/jev/__init__.py"":""56172964a8506bc66b4cf6917d105c52425ef080f644d107e72e1ad0fbc4d25b"",""src/extract_bench/inference/providers/extract/jev/citations.py"":""9842e1acbbc28b63e0c69e0197015911da8eba281f9a09b5dbc24bdb4da5279d"",""src/extract_bench/inference/providers/extract/jev/client.py"":""5f25a69ef3376d0821b17a17ed137ece04a292d35b4fc7156581767644a8a70a"",""src/extract_bench/inference/providers/extract/jev/parser.py"":""1a244b12c95dd53248e4bcf0659655726b92b6388c2b92cf537eb53743463d65"",""src/extract_bench/inference/providers/extract/jev/variant_boundaries.py"":""d27d8704bad63a1ebfd898fc8c2c43b6575e3a07efcaf04487bfadfcd24ba5be"",""src/extract_bench/inference/providers/extract/jev/variant_fields.py"":""9a21e0920e98714a567ddc9394349f7978692ed380bce208dcbfd20044104597"",""src/extract_bench/inference/providers/extract/jev/variant_geometric.py"":""4b37ff54d32db9b70c311ee5f70a70eeddd120d611b5c1fc323b19d7248087df"",""src/extract_bench/inference/providers/extract/jev/variant_hierarchical.py"":""daf221d74779ae86c52197f3382da91683ffe29381f5bf0494908ba1b70858dd"",""src/extract_bench/inference/providers/extract/jev/variant_hybrid.py"":""846b51de513c32a0af92e981da99119840b8ebaa3604912d144459f8617a3cda"",""src/extract_bench/inference/providers/extract/jev/variant_localized.py"":""3ffc22ac63ad81c534d3c779d23601b911d7b562fc4f2753f3f73afa9bf04bd1"",""src/extract_bench/inference/providers/extract/jev/variant_multipage.py"":""4052fdd23e32862d08fe37aba1367e639500b836d9cb0de5dd2b44a8c58ce2d8"",""src/extract_bench/inference/providers/extract/jev/variant_rowrepair.py"":""2769faa6ad5fe50eab16f47a5dc93d2a02e6883258355b6dc9386d52ade9486b"",""src/extract_bench/inference/providers/extract/jev/variant_tables.py"":""2f386db74b474965c99d8652153ae52bbd0f2a9546ad7bb8352e47d5dfd48009"",""src/extract_bench/inference/providers/extract/table_codegen/schema_utils.py"":""0d142666f01b497c2b17beba54200f2b3f9efeba92c7ee51ec90b6bd1543f075""}","{""pdf_sha256"":""0aacb98fdb9ee986940f4b1c348f403acfaa42d32621a22909c6f3abb0f75f8f"",""schema_sha256"":""9c44694c086d54a67e6f397dc2ed9f7c103738a4de5811d0395bba71a6261338""}",4bef5107f977ff86a3e6f3fa80f493b1b9f0e4ac180f39fc28978dfd625940e2,4a5196c522015f435319ae80b7a5bf8061e091341aec7cbf02b34dddb34a88dc,0.40220724315367173,0.3,0.3529411764705882,0.42857142857142855,0.3,0.0,0.0,0.0,0.0,0.0,0.0,0.0,,,,,0.0,0.23809523809523808,0.3333333333333333,,,,0.0,0.0,0.0,0.4117647058823529,0.5,0.35
boundaries,ccc_online_0012_chubb_dodge_durango_corrupted,dev,medium,17,typesafe/jev-1.13,2.14.4,0.012729738000000003,186,,,"{""learning/jev/run.py"":""05013b37116bf6010807bca0aa1ef21af060e858d17422598d7f15185541e1de"",""src/extract_bench/inference/providers/extract/jev/__init__.py"":""56172964a8506bc66b4cf6917d105c52425ef080f644d107e72e1ad0fbc4d25b"",""src/extract_bench/inference/providers/extract/jev/citations.py"":""9842e1acbbc28b63e0c69e0197015911da8eba281f9a09b5dbc24bdb4da5279d"",""src/extract_bench/inference/providers/extract/jev/client.py"":""2ef831c778a73e6a5ad18a5d13c5770dcd4164fc22a03db62135a782b2c19ff8"",""src/extract_bench/inference/providers/extract/jev/parser.py"":""1a60082a59808a7dfcb9382d0604dc86ca99484afdd50cd5bcd42eceb9106c81"",""src/extract_bench/inference/providers/extract/jev/variant_boundaries.py"":""d27d8704bad63a1ebfd898fc8c2c43b6575e3a07efcaf04487bfadfcd24ba5be"",""src/extract_bench/inference/providers/extract/jev/variant_fields.py"":""9a21e0920e98714a567ddc9394349f7978692ed380bce208dcbfd20044104597"",""src/extract_bench/inference/providers/extract/jev/variant_geometric.py"":""4b37ff54d32db9b70c311ee5f70a70eeddd120d611b5c1fc323b19d7248087df"",""src/extract_bench/inference/providers/extract/jev/variant_hierarchical.py"":""daf221d74779ae86c52197f3382da91683ffe29381f5bf0494908ba1b70858dd"",""src/extract_bench/inference/providers/extract/jev/variant_hybrid.py"":""846b51de513c32a0af92e981da99119840b8ebaa3604912d144459f8617a3cda"",""src/extract_bench/inference/providers/extract/jev/variant_localized.py"":""3ffc22ac63ad81c534d3c779d23601b911d7b562fc4f2753f3f73afa9bf04bd1"",""src/extract_bench/inference/providers/extract/jev/variant_multipage.py"":""4052fdd23e32862d08fe37aba1367e639500b836d9cb0de5dd2b44a8c58ce2d8"",""src/extract_bench/inference/providers/extract/jev/variant_rowrepair.py"":""2769faa6ad5fe50eab16f47a5dc93d2a02e6883258355b6dc9386d52ade9486b"",""src/extract_bench/inference/providers/extract/jev/variant_tables.py"":""2f386db74b474965c99d8652153ae52bbd0f2a9546ad7bb8352e47d5dfd48009"",""src/extract_bench/inference/providers/extract/table_codegen/schema_utils.py"":""0d142666f01b497c2b17beba54200f2b3f9efeba92c7ee51ec90b6bd1543f075""}","{""pdf_sha256"":""3b36e3cc0c65b1bfa82bc668ac92ea4c7b0bd40fb42640cd155af4877157cba1"",""schema_sha256"":""97bc56fc0019939b8f89e45349601a7d6962f7f15b962b6ed32b8aa0c43e1939""}",ef3010b31e0dd6f23851763ae744f41f3b727779749ff33b4cedd7e75496798c,956950101d4d1c0f40ab9c9e5ce7b5ca974bd1f7ace6a29eac43c5264cc6970e,0.14752966227141262,0.14634146341463414,0.2155688622754491,0.4090909090909091,0.14634146341463414,0.3333333333333333,0.0,0.0,0.0,0.0,0.0,0.0,,,,,0.0,0.05555555555555555,0.1746031746031746,,,,0.0,0.0,0.0,0.2155688622754491,0.4090909090909091,0.14634146341463414
boundaries,cfpb_closing-disclosure_filled-sample_corrupted,dev,short,5,typesafe/jev-1.13,2.14.4,0.012872286000000002,97,,,"{""learning/jev/run.py"":""5008ab0aa0151b6c9184ce3ef0e52e069ab258f8168fdf2c86e6bdf77b5c5189"",""src/extract_bench/inference/providers/extract/jev/__init__.py"":""56172964a8506bc66b4cf6917d105c52425ef080f644d107e72e1ad0fbc4d25b"",""src/extract_bench/inference/providers/extract/jev/citations.py"":""9842e1acbbc28b63e0c69e0197015911da8eba281f9a09b5dbc24bdb4da5279d"",""src/extract_bench/inference/providers/extract/jev/client.py"":""2ef831c778a73e6a5ad18a5d13c5770dcd4164fc22a03db62135a782b2c19ff8"",""src/extract_bench/inference/providers/extract/jev/parser.py"":""1a60082a59808a7dfcb9382d0604dc86ca99484afdd50cd5bcd42eceb9106c81"",""src/extract_bench/inference/providers/extract/jev/variant_boundaries.py"":""d27d8704bad63a1ebfd898fc8c2c43b6575e3a07efcaf04487bfadfcd24ba5be"",""src/extract_bench/inference/providers/extract/jev/variant_fields.py"":""9a21e0920e98714a567ddc9394349f7978692ed380bce208dcbfd20044104597"",""src/extract_bench/inference/providers/extract/jev/variant_geometric.py"":""4b37ff54d32db9b70c311ee5f70a70eeddd120d611b5c1fc323b19d7248087df"",""src/extract_bench/inference/providers/extract/jev/variant_hierarchical.py"":""daf221d74779ae86c52197f3382da91683ffe29381f5bf0494908ba1b70858dd"",""src/extract_bench/inference/providers/extract/jev/variant_hybrid.py"":""846b51de513c32a0af92e981da99119840b8ebaa3604912d144459f8617a3cda"",""src/extract_bench/inference/providers/extract/jev/variant_localized.py"":""3ffc22ac63ad81c534d3c779d23601b911d7b562fc4f2753f3f73afa9bf04bd1"",""src/extract_bench/inference/providers/extract/jev/variant_multipage.py"":""4052fdd23e32862d08fe37aba1367e639500b836d9cb0de5dd2b44a8c58ce2d8"",""src/extract_bench/inference/providers/extract/jev/variant_rowrepair.py"":""2769faa6ad5fe50eab16f47a5dc93d2a02e6883258355b6dc9386d52ade9486b"",""src/extract_bench/inference/providers/extract/jev/variant_tables.py"":""2f386db74b474965c99d8652153ae52bbd0f2a9546ad7bb8352e47d5dfd48009"",""src/extract_bench/inference/providers/extract/table_codegen/schema_utils.py"":""0d142666f01b497c2b17beba54200f2b3f9efeba92c7ee51ec90b6bd1543f075""}","{""pdf_sha256"":""257964ee735970ddf25d6dd56b3e34af80fcca8c473f9cc79eb8388ea253bc7b"",""schema_sha256"":""166b66fcdeba068088c5d867c232204bbff04cd0b3bac9badabaa4f95e0d655e""}",d1d8ceb7e2dd3001be4dcf848f7f80b288d81792429769c6e223e0d896ce8221,47f748beabf22829d8764a97ca4364e94c1f426f5894db55425f37deb2461ef5,0.13800737728094428,0.3161290322580645,0.34751773049645385,0.3858267716535433,0.3161290322580645,1.0263157894736843,0.0,0.0,0.0,0.0,0.0,0.0,,,,,0.061946902654867256,0.19488817891373802,0.3258785942492013,,,,,,,0.34751773049645385,0.3858267716535433,0.3161290322580645
boundaries,gsa_mas_it_labor_0010,dev,medium,15,typesafe/jev-1.13,2.14.4,0.003955056,49,,,"{""learning/jev/run.py"":""409847baaa38d61b8c8a616b29d190eb59effdddbf0ae6ef0bf35e7422ac554e"",""src/extract_bench/inference/providers/extract/jev/__init__.py"":""56172964a8506bc66b4cf6917d105c52425ef080f644d107e72e1ad0fbc4d25b"",""src/extract_bench/inference/providers/extract/jev/citations.py"":""9842e1acbbc28b63e0c69e0197015911da8eba281f9a09b5dbc24bdb4da5279d"",""src/extract_bench/inference/providers/extract/jev/client.py"":""be7260d7335e9aec920b2c880af1f00e0e2c28724f0abf9c6fa0420f5c0185e3"",""src/extract_bench/inference/providers/extract/jev/parser.py"":""1a244b12c95dd53248e4bcf0659655726b92b6388c2b92cf537eb53743463d65"",""src/extract_bench/inference/providers/extract/jev/variant_boundaries.py"":""d27d8704bad63a1ebfd898fc8c2c43b6575e3a07efcaf04487bfadfcd24ba5be"",""src/extract_bench/inference/providers/extract/jev/variant_fields.py"":""9a21e0920e98714a567ddc9394349f7978692ed380bce208dcbfd20044104597"",""src/extract_bench/inference/providers/extract/jev/variant_geometric.py"":""4b37ff54d32db9b70c311ee5f70a70eeddd120d611b5c1fc323b19d7248087df"",""src/extract_bench/inference/providers/extract/jev/variant_hierarchical.py"":""daf221d74779ae86c52197f3382da91683ffe29381f5bf0494908ba1b70858dd"",""src/extract_bench/inference/providers/extract/jev/variant_hybrid.py"":""846b51de513c32a0af92e981da99119840b8ebaa3604912d144459f8617a3cda"",""src/extract_bench/inference/providers/extract/jev/variant_localized.py"":""3ffc22ac63ad81c534d3c779d23601b911d7b562fc4f2753f3f73afa9bf04bd1"",""src/extract_bench/inference/providers/extract/jev/variant_multipage.py"":""4052fdd23e32862d08fe37aba1367e639500b836d9cb0de5dd2b44a8c58ce2d8"",""src/extract_bench/inference/providers/extract/jev/variant_rowrepair.py"":""2769faa6ad5fe50eab16f47a5dc93d2a02e6883258355b6dc9386d52ade9486b"",""src/extract_bench/inference/providers/extract/jev/variant_tables.py"":""2f386db74b474965c99d8652153ae52bbd0f2a9546ad7bb8352e47d5dfd48009"",""src/extract_bench/inference/providers/extract/table_codegen/schema_utils.py"":""0d142666f01b497c2b17beba54200f2b3f9efeba92c7ee51ec90b6bd1543f075""}","{""pdf_sha256"":""f635fa705077b35a36859509c0094cf6a17f1bd6d29c830bced79183ddc3be58"",""schema_sha256"":""27a32c93f440da9aaa09878c85e8185c47eef79f2d42843d4ff878498bf7a573""}",4b5986c77b05ca6138a928e6b33d87955a4337848a4a157fe1d43516fa79a641,4605e6ab93a1a05dc31008af149fc19f0571f388fea8e66a54b327959594de0d,0.0467444811669386,0.12121212121212122,0.08333333333333333,0.06349206349206349,0.12121212121212122,2.0,0.0,0.0,0.0,0.0,0.0,0.0,,,,,0.0,0.0,0.15151515151515152,,,,,,,0.08333333333333333,0.06349206349206349,0.12121212121212122
boundaries,mcdonalds_receipt_chicago_documentcloud,dev,short,1,typesafe/jev-1.13,2.14.4,0.0024537240000000004,16,,,"{""learning/jev/run.py"":""5008ab0aa0151b6c9184ce3ef0e52e069ab258f8168fdf2c86e6bdf77b5c5189"",""src/extract_bench/inference/providers/extract/jev/__init__.py"":""56172964a8506bc66b4cf6917d105c52425ef080f644d107e72e1ad0fbc4d25b"",""src/extract_bench/inference/providers/extract/jev/citations.py"":""9842e1acbbc28b63e0c69e0197015911da8eba281f9a09b5dbc24bdb4da5279d"",""src/extract_bench/inference/providers/extract/jev/client.py"":""2ef831c778a73e6a5ad18a5d13c5770dcd4164fc22a03db62135a782b2c19ff8"",""src/extract_bench/inference/providers/extract/jev/parser.py"":""1a60082a59808a7dfcb9382d0604dc86ca99484afdd50cd5bcd42eceb9106c81"",""src/extract_bench/inference/providers/extract/jev/variant_boundaries.py"":""d27d8704bad63a1ebfd898fc8c2c43b6575e3a07efcaf04487bfadfcd24ba5be"",""src/extract_bench/inference/providers/extract/jev/variant_fields.py"":""9a21e0920e98714a567ddc9394349f7978692ed380bce208dcbfd20044104597"",""src/extract_bench/inference/providers/extract/jev/variant_geometric.py"":""4b37ff54d32db9b70c311ee5f70a70eeddd120d611b5c1fc323b19d7248087df"",""src/extract_bench/inference/providers/extract/jev/variant_hierarchical.py"":""daf221d74779ae86c52197f3382da91683ffe29381f5bf0494908ba1b70858dd"",""src/extract_bench/inference/providers/extract/jev/variant_hybrid.py"":""846b51de513c32a0af92e981da99119840b8ebaa3604912d144459f8617a3cda"",""src/extract_bench/inference/providers/extract/jev/variant_localized.py"":""3ffc22ac63ad81c534d3c779d23601b911d7b562fc4f2753f3f73afa9bf04bd1"",""src/extract_bench/inference/providers/extract/jev/variant_multipage.py"":""4052fdd23e32862d08fe37aba1367e639500b836d9cb0de5dd2b44a8c58ce2d8"",""src/extract_bench/inference/providers/extract/jev/variant_rowrepair.py"":""2769faa6ad5fe50eab16f47a5dc93d2a02e6883258355b6dc9386d52ade9486b"",""src/extract_bench/inference/providers/extract/jev/variant_tables.py"":""2f386db74b474965c99d8652153ae52bbd0f2a9546ad7bb8352e47d5dfd48009"",""src/extract_bench/inference/providers/extract/table_codegen/schema_utils.py"":""0d142666f01b497c2b17beba54200f2b3f9efeba92c7ee51ec90b6bd1543f075""}","{""pdf_sha256"":""7733dfb56fe7f3b58d5f9070463d1f9341a44794f871c5aaacccb6278ac5ddd6"",""schema_sha256"":""0b8525756617e8df86ef0599fb3b7b4a3c81a9cab45d9e6dd38fe11c51473d84""}",9aebf44557753fbd1a0b151169a806dcb0f93d57d1f5a6124225ced907926c73,7e6ec75420f59676390b263af886c101b6c917ef89dd9b3adc71ba20f40c0294,0.2498662642992979,0.43137254901960786,0.36666666666666664,0.3188405797101449,0.43137254901960786,1.5,0.0,0.0,0.0,0.0,0.0,0.0,,,,,0.0,0.21818181818181817,0.41818181818181815,,,,,,,0.380952380952381,0.3333333333333333,0.4444444444444444
boundaries,ms_medicaid_ra_adjustments_corrupted,dev,short,4,typesafe/jev-1.13,2.14.4,0.0012985560000000006,30,,,"{""learning/jev/run.py"":""5008ab0aa0151b6c9184ce3ef0e52e069ab258f8168fdf2c86e6bdf77b5c5189"",""src/extract_bench/inference/providers/extract/jev/__init__.py"":""56172964a8506bc66b4cf6917d105c52425ef080f644d107e72e1ad0fbc4d25b"",""src/extract_bench/inference/providers/extract/jev/citations.py"":""9842e1acbbc28b63e0c69e0197015911da8eba281f9a09b5dbc24bdb4da5279d"",""src/extract_bench/inference/providers/extract/jev/client.py"":""2ef831c778a73e6a5ad18a5d13c5770dcd4164fc22a03db62135a782b2c19ff8"",""src/extract_bench/inference/providers/extract/jev/parser.py"":""1a60082a59808a7dfcb9382d0604dc86ca99484afdd50cd5bcd42eceb9106c81"",""src/extract_bench/inference/providers/extract/jev/variant_boundaries.py"":""d27d8704bad63a1ebfd898fc8c2c43b6575e3a07efcaf04487bfadfcd24ba5be"",""src/extract_bench/inference/providers/extract/jev/variant_fields.py"":""9a21e0920e98714a567ddc9394349f7978692ed380bce208dcbfd20044104597"",""src/extract_bench/inference/providers/extract/jev/variant_geometric.py"":""4b37ff54d32db9b70c311ee5f70a70eeddd120d611b5c1fc323b19d7248087df"",""src/extract_bench/inference/providers/extract/jev/variant_hierarchical.py"":""daf221d74779ae86c52197f3382da91683ffe29381f5bf0494908ba1b70858dd"",""src/extract_bench/inference/providers/extract/jev/variant_hybrid.py"":""846b51de513c32a0af92e981da99119840b8ebaa3604912d144459f8617a3cda"",""src/extract_bench/inference/providers/extract/jev/variant_localized.py"":""3ffc22ac63ad81c534d3c779d23601b911d7b562fc4f2753f3f73afa9bf04bd1"",""src/extract_bench/inference/providers/extract/jev/variant_multipage.py"":""4052fdd23e32862d08fe37aba1367e639500b836d9cb0de5dd2b44a8c58ce2d8"",""src/extract_bench/inference/providers/extract/jev/variant_rowrepair.py"":""2769faa6ad5fe50eab16f47a5dc93d2a02e6883258355b6dc9386d52ade9486b"",""src/extract_bench/inference/providers/extract/jev/variant_tables.py"":""2f386db74b474965c99d8652153ae52bbd0f2a9546ad7bb8352e47d5dfd48009"",""src/extract_bench/inference/providers/extract/table_codegen/schema_utils.py"":""0d142666f01b497c2b17beba54200f2b3f9efeba92c7ee51ec90b6bd1543f075""}","{""pdf_sha256"":""9b17b95061663faaa627a2fb38558cc2a4e030a7e9669755b1e0e2792a83bf4e"",""schema_sha256"":""13eaa707b5ac17f2c0deef4667980b1ee49b2113f51f1c5eabdf266e4b1b5db5""}",3992c294bfe86e96a61ff6e0cf876fd4c49725d3cee20f37b4a1dee458219aae,2da5067e9237c229116925aa57d74d47557c93d7e19595b0272b42a367ae97c1,0.0,0.0,0.0,0.0,0.0,0.0,0.0,0.0,0.0,0.0,0.0,0.0,,,,,0.0,0.0,0.0,,,,,,,0.0,0.0,0.0
boundaries,sec_13f_0026_brown_brothers_harriman,dev,long,55,typesafe/jev-1.13,2.14.4,0.007634675999999999,119,,,"{""learning/jev/run.py"":""409847baaa38d61b8c8a616b29d190eb59effdddbf0ae6ef0bf35e7422ac554e"",""src/extract_bench/inference/providers/extract/jev/__init__.py"":""56172964a8506bc66b4cf6917d105c52425ef080f644d107e72e1ad0fbc4d25b"",""src/extract_bench/inference/providers/extract/jev/citations.py"":""9842e1acbbc28b63e0c69e0197015911da8eba281f9a09b5dbc24bdb4da5279d"",""src/extract_bench/inference/providers/extract/jev/client.py"":""be7260d7335e9aec920b2c880af1f00e0e2c28724f0abf9c6fa0420f5c0185e3"",""src/extract_bench/inference/providers/extract/jev/parser.py"":""1a244b12c95dd53248e4bcf0659655726b92b6388c2b92cf537eb53743463d65"",""src/extract_bench/inference/providers/extract/jev/variant_boundaries.py"":""d27d8704bad63a1ebfd898fc8c2c43b6575e3a07efcaf04487bfadfcd24ba5be"",""src/extract_bench/inference/providers/extract/jev/variant_fields.py"":""9a21e0920e98714a567ddc9394349f7978692ed380bce208dcbfd20044104597"",""src/extract_bench/inference/providers/extract/jev/variant_geometric.py"":""4b37ff54d32db9b70c311ee5f70a70eeddd120d611b5c1fc323b19d7248087df"",""src/extract_bench/inference/providers/extract/jev/variant_hierarchical.py"":""daf221d74779ae86c52197f3382da91683ffe29381f5bf0494908ba1b70858dd"",""src/extract_bench/inference/providers/extract/jev/variant_hybrid.py"":""846b51de513c32a0af92e981da99119840b8ebaa3604912d144459f8617a3cda"",""src/extract_bench/inference/providers/extract/jev/variant_localized.py"":""3ffc22ac63ad81c534d3c779d23601b911d7b562fc4f2753f3f73afa9bf04bd1"",""src/extract_bench/inference/providers/extract/jev/variant_multipage.py"":""4052fdd23e32862d08fe37aba1367e639500b836d9cb0de5dd2b44a8c58ce2d8"",""src/extract_bench/inference/providers/extract/jev/variant_rowrepair.py"":""2769faa6ad5fe50eab16f47a5dc93d2a02e6883258355b6dc9386d52ade9486b"",""src/extract_bench/inference/providers/extract/jev/variant_tables.py"":""2f386db74b474965c99d8652153ae52bbd0f2a9546ad7bb8352e47d5dfd48009"",""src/extract_bench/inference/providers/extract/table_codegen/schema_utils.py"":""0d142666f01b497c2b17beba54200f2b3f9efeba92c7ee51ec90b6bd1543f075""}","{""pdf_sha256"":""4787d70ca373866d0e595f923c9305d0759e63f7dd7128e070b78efbf3632283"",""schema_sha256"":""213162a02c73274888105e01841954b374bf7e76f4b89a13bd4012e54d267862""}",47e039c481110a7cee2d654c225a9670d77624045ee140148aebb162a4d084f5,5995d69668e5aadadf40e4e15aa46e1ef7231ea7abe03a3d4252ddacf5f62db8,4.348204191668841e-05,0.012281603288797533,0.024018893522938546,0.5419501133786848,0.012281603288797533,0.022611644997173545,0.0,0.0,0.0,0.0,0.0,0.0,0.011842482842597844,0.0,0.008613113025136229,0.0,0.00039570378745053703,0.0037829376467518913,0.007044090790503522,0.0046506220206952685,0.2962962962962963,0.002343704224526865,0.019879796578825708,0.7257383966244726,0.010077928165465518,0.02593647689102428,0.5854126679462572,0.013262022784589964
boundaries,utah_fleet_rate_schedule_fy2024,dev,short,2,typesafe/jev-1.13,2.14.4,0.0009638999999999997,11,,,"{""learning/jev/run.py"":""5008ab0aa0151b6c9184ce3ef0e52e069ab258f8168fdf2c86e6bdf77b5c5189"",""src/extract_bench/inference/providers/extract/jev/__init__.py"":""56172964a8506bc66b4cf6917d105c52425ef080f644d107e72e1ad0fbc4d25b"",""src/extract_bench/inference/providers/extract/jev/citations.py"":""9842e1acbbc28b63e0c69e0197015911da8eba281f9a09b5dbc24bdb4da5279d"",""src/extract_bench/inference/providers/extract/jev/client.py"":""2ef831c778a73e6a5ad18a5d13c5770dcd4164fc22a03db62135a782b2c19ff8"",""src/extract_bench/inference/providers/extract/jev/parser.py"":""1a60082a59808a7dfcb9382d0604dc86ca99484afdd50cd5bcd42eceb9106c81"",""src/extract_bench/inference/providers/extract/jev/variant_boundaries.py"":""d27d8704bad63a1ebfd898fc8c2c43b6575e3a07efcaf04487bfadfcd24ba5be"",""src/extract_bench/inference/providers/extract/jev/variant_fields.py"":""9a21e0920e98714a567ddc9394349f7978692ed380bce208dcbfd20044104597"",""src/extract_bench/inference/providers/extract/jev/variant_geometric.py"":""4b37ff54d32db9b70c311ee5f70a70eeddd120d611b5c1fc323b19d7248087df"",""src/extract_bench/inference/providers/extract/jev/variant_hierarchical.py"":""daf221d74779ae86c52197f3382da91683ffe29381f5bf0494908ba1b70858dd"",""src/extract_bench/inference/providers/extract/jev/variant_hybrid.py"":""846b51de513c32a0af92e981da99119840b8ebaa3604912d144459f8617a3cda"",""src/extract_bench/inference/providers/extract/jev/variant_localized.py"":""3ffc22ac63ad81c534d3c779d23601b911d7b562fc4f2753f3f73afa9bf04bd1"",""src/extract_bench/inference/providers/extract/jev/variant_multipage.py"":""4052fdd23e32862d08fe37aba1367e639500b836d9cb0de5dd2b44a8c58ce2d8"",""src/extract_bench/inference/providers/extract/jev/variant_rowrepair.py"":""2769faa6ad5fe50eab16f47a5dc93d2a02e6883258355b6dc9386d52ade9486b"",""src/extract_bench/inference/providers/extract/jev/variant_tables.py"":""2f386db74b474965c99d8652153ae52bbd0f2a9546ad7bb8352e47d5dfd48009"",""src/extract_bench/inference/providers/extract/table_codegen/schema_utils.py"":""0d142666f01b497c2b17beba54200f2b3f9efeba92c7ee51ec90b6bd1543f075""}","{""pdf_sha256"":""0b3841123954a66b6eec5cc0cd75c42c58910e6ac0558a65bdb21591af6bcc30"",""schema_sha256"":""8d2100fb3b42f63411a8a3e12b615f0247d4b2b50331a715a4fa980a6b54b23c""}",59bb628a6ea1c46ecc99408c4c80d40ddfa460dfb22ceb249cc46467d7a4be2b,c5092f1611a869588d7dd9f2b1324be50ce932a3217e216a98e953efc0e97a29,0.008918406072106262,0.07058823529411765,0.10169491525423728,0.18181818181818182,0.07058823529411765,0.38095238095238093,0.0,0.0,0.0,0.0,0.0,0.0,,,,,0.017543859649122806,0.017543859649122806,0.04678362573099415,,,,,,,0.11016949152542373,0.19696969696969696,0.07647058823529412
rowrepair,07021-2016-p0018,dev,short,1,typesafe/jev-1.13,2.14.4,0.008842890000000004,66,,,"{""learning/jev/run.py"":""17069eac4359c20ce119c195dcc937028f6dc6806cd5ed94d77fd43afcaf2a80"",""src/extract_bench/inference/providers/extract/jev/__init__.py"":""56172964a8506bc66b4cf6917d105c52425ef080f644d107e72e1ad0fbc4d25b"",""src/extract_bench/inference/providers/extract/jev/citations.py"":""9842e1acbbc28b63e0c69e0197015911da8eba281f9a09b5dbc24bdb4da5279d"",""src/extract_bench/inference/providers/extract/jev/client.py"":""f7559dcdfd56e0318a4c0359850f35ac802d3857a05974d2b3e87a2ff160a230"",""src/extract_bench/inference/providers/extract/jev/parser.py"":""1a244b12c95dd53248e4bcf0659655726b92b6388c2b92cf537eb53743463d65"",""src/extract_bench/inference/providers/extract/jev/variant_boundaries.py"":""d27d8704bad63a1ebfd898fc8c2c43b6575e3a07efcaf04487bfadfcd24ba5be"",""src/extract_bench/inference/providers/extract/jev/variant_fields.py"":""9a21e0920e98714a567ddc9394349f7978692ed380bce208dcbfd20044104597"",""src/extract_bench/inference/providers/extract/jev/variant_geometric.py"":""4b37ff54d32db9b70c311ee5f70a70eeddd120d611b5c1fc323b19d7248087df"",""src/extract_bench/inference/providers/extract/jev/variant_hierarchical.py"":""daf221d74779ae86c52197f3382da91683ffe29381f5bf0494908ba1b70858dd"",""src/extract_bench/inference/providers/extract/jev/variant_hybrid.py"":""846b51de513c32a0af92e981da99119840b8ebaa3604912d144459f8617a3cda"",""src/extract_bench/inference/providers/extract/jev/variant_localized.py"":""3ffc22ac63ad81c534d3c779d23601b911d7b562fc4f2753f3f73afa9bf04bd1"",""src/extract_bench/inference/providers/extract/jev/variant_multipage.py"":""4052fdd23e32862d08fe37aba1367e639500b836d9cb0de5dd2b44a8c58ce2d8"",""src/extract_bench/inference/providers/extract/jev/variant_rowrepair.py"":""d5087a232b32b70a42dad8f66be57ad98d230b1ef702a7820f7b5ea528aed410"",""src/extract_bench/inference/providers/extract/jev/variant_tables.py"":""2f386db74b474965c99d8652153ae52bbd0f2a9546ad7bb8352e47d5dfd48009"",""src/extract_bench/inference/providers/extract/jev_provider.py"":""781453b5d5c60369753619978b30f1f8285064cbe1499ee0474f182f95974bfd"",""src/extract_bench/inference/providers/extract/table_codegen/schema_utils.py"":""0d142666f01b497c2b17beba54200f2b3f9efeba92c7ee51ec90b6bd1543f075""}","{""pdf_sha256"":""e667acf072151b34ddaee54965db1c838855019efce443d610c826b21472cdb5"",""schema_sha256"":""30623361bad97ee66e685ddc8d0e859150ec2019b914757799140b776e80938a""}",8abc2df138e2408dd500b8bd684fc1bac99fa625eed2af778490c3de89de3ed5,9b6edfeab2bb1d97952e37de591f8736c4cf98cae5e4a3758ee421b1438fe532,0.4309669809024136,0.44680851063829785,0.2763157894736842,0.2,0.44680851063829785,15.5,0.0,0.0,0.0,0.0,0.0,0.0,0.1058465799991426,0.0,0.1111111111111111,0.0,0.21428571428571427,0.10344827586206896,0.1724137931034483,0.0,0.0,0.0,0.05263157894736842,0.09090909090909091,0.037037037037037035,0.2763157894736842,0.2,0.44680851063829785
rowrepair,H9-53-59_60,dev,short,1,typesafe/jev-1.13,2.14.4,0.011202996000000002,61,,,"{""learning/jev/run.py"":""17069eac4359c20ce119c195dcc937028f6dc6806cd5ed94d77fd43afcaf2a80"",""src/extract_bench/inference/providers/extract/jev/__init__.py"":""56172964a8506bc66b4cf6917d105c52425ef080f644d107e72e1ad0fbc4d25b"",""src/extract_bench/inference/providers/extract/jev/citations.py"":""9842e1acbbc28b63e0c69e0197015911da8eba281f9a09b5dbc24bdb4da5279d"",""src/extract_bench/inference/providers/extract/jev/client.py"":""f7559dcdfd56e0318a4c0359850f35ac802d3857a05974d2b3e87a2ff160a230"",""src/extract_bench/inference/providers/extract/jev/parser.py"":""1a244b12c95dd53248e4bcf0659655726b92b6388c2b92cf537eb53743463d65"",""src/extract_bench/inference/providers/extract/jev/variant_boundaries.py"":""d27d8704bad63a1ebfd898fc8c2c43b6575e3a07efcaf04487bfadfcd24ba5be"",""src/extract_bench/inference/providers/extract/jev/variant_fields.py"":""9a21e0920e98714a567ddc9394349f7978692ed380bce208dcbfd20044104597"",""src/extract_bench/inference/providers/extract/jev/variant_geometric.py"":""4b37ff54d32db9b70c311ee5f70a70eeddd120d611b5c1fc323b19d7248087df"",""src/extract_bench/inference/providers/extract/jev/variant_hierarchical.py"":""daf221d74779ae86c52197f3382da91683ffe29381f5bf0494908ba1b70858dd"",""src/extract_bench/inference/providers/extract/jev/variant_hybrid.py"":""846b51de513c32a0af92e981da99119840b8ebaa3604912d144459f8617a3cda"",""src/extract_bench/inference/providers/extract/jev/variant_localized.py"":""3ffc22ac63ad81c534d3c779d23601b911d7b562fc4f2753f3f73afa9bf04bd1"",""src/extract_bench/inference/providers/extract/jev/variant_multipage.py"":""4052fdd23e32862d08fe37aba1367e639500b836d9cb0de5dd2b44a8c58ce2d8"",""src/extract_bench/inference/providers/extract/jev/variant_rowrepair.py"":""d5087a232b32b70a42dad8f66be57ad98d230b1ef702a7820f7b5ea528aed410"",""src/extract_bench/inference/providers/extract/jev/variant_tables.py"":""2f386db74b474965c99d8652153ae52bbd0f2a9546ad7bb8352e47d5dfd48009"",""src/extract_bench/inference/providers/extract/jev_provider.py"":""781453b5d5c60369753619978b30f1f8285064cbe1499ee0474f182f95974bfd"",""src/extract_bench/inference/providers/extract/table_codegen/schema_utils.py"":""0d142666f01b497c2b17beba54200f2b3f9efeba92c7ee51ec90b6bd1543f075""}","{""pdf_sha256"":""3138b0b9eb5558bd7a4926da7fd6fcbe9dc6416d598bf3b8a45721151bfb28b4"",""schema_sha256"":""3ed88269aa3b306944b365be830ad89677350e0630dcc2173bad72cef7e3041a""}",7e4045532826ce43034779439db9305f3bae0868e0d5246e8f5a825dc11cbfb4,9ec7fd6ebf0e901ebc51090d263d026c829156970851560a0988a9a4b60fc2f4,0.4793392290603244,0.41379310344827586,0.375,0.34285714285714286,0.41379310344827586,4.0,0.0,0.0,0.0,0.0,0.0,0.0,0.0,0.0,0.0,0.0,0.7083333333333334,0.35714285714285715,0.6428571428571429,0.0,0.0,0.0,0.35443037974683544,0.6363636363636364,0.24561403508771928,0.515625,0.4714285714285714,0.5689655172413793
rowrepair,P4-Historical Single Signature83-10963_5480,dev,short,1,typesafe/jev-1.13,2.14.4,0.008323391999999999,48,,,"{""learning/jev/run.py"":""17069eac4359c20ce119c195dcc937028f6dc6806cd5ed94d77fd43afcaf2a80"",""src/extract_bench/inference/providers/extract/jev/__init__.py"":""56172964a8506bc66b4cf6917d105c52425ef080f644d107e72e1ad0fbc4d25b"",""src/extract_bench/inference/providers/extract/jev/citations.py"":""9842e1acbbc28b63e0c69e0197015911da8eba281f9a09b5dbc24bdb4da5279d"",""src/extract_bench/inference/providers/extract/jev/client.py"":""f7559dcdfd56e0318a4c0359850f35ac802d3857a05974d2b3e87a2ff160a230"",""src/extract_bench/inference/providers/extract/jev/parser.py"":""1a244b12c95dd53248e4bcf0659655726b92b6388c2b92cf537eb53743463d65"",""src/extract_bench/inference/providers/extract/jev/variant_boundaries.py"":""d27d8704bad63a1ebfd898fc8c2c43b6575e3a07efcaf04487bfadfcd24ba5be"",""src/extract_bench/inference/providers/extract/jev/variant_fields.py"":""9a21e0920e98714a567ddc9394349f7978692ed380bce208dcbfd20044104597"",""src/extract_bench/inference/providers/extract/jev/variant_geometric.py"":""4b37ff54d32db9b70c311ee5f70a70eeddd120d611b5c1fc323b19d7248087df"",""src/extract_bench/inference/providers/extract/jev/variant_hierarchical.py"":""daf221d74779ae86c52197f3382da91683ffe29381f5bf0494908ba1b70858dd"",""src/extract_bench/inference/providers/extract/jev/variant_hybrid.py"":""846b51de513c32a0af92e981da99119840b8ebaa3604912d144459f8617a3cda"",""src/extract_bench/inference/providers/extract/jev/variant_localized.py"":""3ffc22ac63ad81c534d3c779d23601b911d7b562fc4f2753f3f73afa9bf04bd1"",""src/extract_bench/inference/providers/extract/jev/variant_multipage.py"":""4052fdd23e32862d08fe37aba1367e639500b836d9cb0de5dd2b44a8c58ce2d8"",""src/extract_bench/inference/providers/extract/jev/variant_rowrepair.py"":""d5087a232b32b70a42dad8f66be57ad98d230b1ef702a7820f7b5ea528aed410"",""src/extract_bench/inference/providers/extract/jev/variant_tables.py"":""2f386db74b474965c99d8652153ae52bbd0f2a9546ad7bb8352e47d5dfd48009"",""src/extract_bench/inference/providers/extract/jev_provider.py"":""781453b5d5c60369753619978b30f1f8285064cbe1499ee0474f182f95974bfd"",""src/extract_bench/inference/providers/extract/table_codegen/schema_utils.py"":""0d142666f01b497c2b17beba54200f2b3f9efeba92c7ee51ec90b6bd1543f075""}","{""pdf_sha256"":""91e6c084622131653977e8e0f244fe4f13dbae34c8509172948939bdc94d1076"",""schema_sha256"":""c50c32330a96e7259cd4a5a5125dbae3dacc48136407eb1882f2c5f5d2388b6c""}",c4b646f2222bc06abd64ec1bbdd148246ee94f7b9d305aba260986208c109277,9ac101beb31efbcb96279be41fe176ecff1590a80dcb46f4d3c952eb7de51947,0.8186302966559897,0.7884615384615384,0.7321428571428571,0.6833333333333333,0.7884615384615384,0.0,0.0,0.0,0.0,0.0,0.0,0.0,0.0,0.0,0.0,0.0,0.7142857142857143,0.38461538461538464,0.8269230769230769,0.0,0.0,0.0,0.25806451612903225,0.6153846153846154,0.16326530612244897,0.7678571428571429,0.7166666666666667,0.8269230769230769
rowrepair,W14-58509_W14 2nd sub revised,dev,short,1,typesafe/jev-1.13,2.14.4,0.029084328000000003,127,,,"{""learning/jev/run.py"":""17069eac4359c20ce119c195dcc937028f6dc6806cd5ed94d77fd43afcaf2a80"",""src/extract_bench/inference/providers/extract/jev/__init__.py"":""56172964a8506bc66b4cf6917d105c52425ef080f644d107e72e1ad0fbc4d25b"",""src/extract_bench/inference/providers/extract/jev/citations.py"":""9842e1acbbc28b63e0c69e0197015911da8eba281f9a09b5dbc24bdb4da5279d"",""src/extract_bench/inference/providers/extract/jev/client.py"":""f7559dcdfd56e0318a4c0359850f35ac802d3857a05974d2b3e87a2ff160a230"",""src/extract_bench/inference/providers/extract/jev/parser.py"":""1a244b12c95dd53248e4bcf0659655726b92b6388c2b92cf537eb53743463d65"",""src/extract_bench/inference/providers/extract/jev/variant_boundaries.py"":""d27d8704bad63a1ebfd898fc8c2c43b6575e3a07efcaf04487bfadfcd24ba5be"",""src/extract_bench/inference/providers/extract/jev/variant_fields.py"":""9a21e0920e98714a567ddc9394349f7978692ed380bce208dcbfd20044104597"",""src/extract_bench/inference/providers/extract/jev/variant_geometric.py"":""4b37ff54d32db9b70c311ee5f70a70eeddd120d611b5c1fc323b19d7248087df"",""src/extract_bench/inference/providers/extract/jev/variant_hierarchical.py"":""daf221d74779ae86c52197f3382da91683ffe29381f5bf0494908ba1b70858dd"",""src/extract_bench/inference/providers/extract/jev/variant_hybrid.py"":""846b51de513c32a0af92e981da99119840b8ebaa3604912d144459f8617a3cda"",""src/extract_bench/inference/providers/extract/jev/variant_localized.py"":""3ffc22ac63ad81c534d3c779d23601b911d7b562fc4f2753f3f73afa9bf04bd1"",""src/extract_bench/inference/providers/extract/jev/variant_multipage.py"":""4052fdd23e32862d08fe37aba1367e639500b836d9cb0de5dd2b44a8c58ce2d8"",""src/extract_bench/inference/providers/extract/jev/variant_rowrepair.py"":""d5087a232b32b70a42dad8f66be57ad98d230b1ef702a7820f7b5ea528aed410"",""src/extract_bench/inference/providers/extract/jev/variant_tables.py"":""2f386db74b474965c99d8652153ae52bbd0f2a9546ad7bb8352e47d5dfd48009"",""src/extract_bench/inference/providers/extract/jev_provider.py"":""781453b5d5c60369753619978b30f1f8285064cbe1499ee0474f182f95974bfd"",""src/extract_bench/inference/providers/extract/table_codegen/schema_utils.py"":""0d142666f01b497c2b17beba54200f2b3f9efeba92c7ee51ec90b6bd1543f075""}","{""pdf_sha256"":""22511db4eda31b6cba04e88fc8732c47e00d191d81cc9468c4e1366214f4901a"",""schema_sha256"":""7ad6ae99b204297b28920683d028ff9ef71b35a455b7a34a7f2363fd474d5d45""}",5bfa9d3f25a3a5dcfb80c6e9deb90809f4d7d960ff24936d316282d878f0f7e4,112bbf7f2cfd3b648179b53cb3e06a22cae6c771e2b598773903351e7d608703,0.5880274521492891,0.7699115044247787,0.7699115044247787,0.7699115044247787,0.7699115044247787,1.0,0.0,0.0,0.0,0.0,0.0,0.0,0.50915761198163,0.17069431361467358,0.34285714285714286,0.2571428571428571,0.7676767676767676,0.6027397260273972,0.7671232876712328,0.2302158273381295,0.5925925925925926,0.14285714285714285,0.36363636363636365,0.75,0.24,0.8008849557522124,0.8008849557522124,0.8008849557522124
rowrepair,baker_hughes_earnings_deck_q4fy25,dev,medium,25,typesafe/jev-1.13,2.14.4,0.009764832000000006,77,,,"{""learning/jev/run.py"":""17069eac4359c20ce119c195dcc937028f6dc6806cd5ed94d77fd43afcaf2a80"",""src/extract_bench/inference/providers/extract/jev/__init__.py"":""56172964a8506bc66b4cf6917d105c52425ef080f644d107e72e1ad0fbc4d25b"",""src/extract_bench/inference/providers/extract/jev/citations.py"":""9842e1acbbc28b63e0c69e0197015911da8eba281f9a09b5dbc24bdb4da5279d"",""src/extract_bench/inference/providers/extract/jev/client.py"":""beb1a61abb4b88e0c376f51442ced7df794dcaba9976c360914bef744220cd35"",""src/extract_bench/inference/providers/extract/jev/parser.py"":""1a244b12c95dd53248e4bcf0659655726b92b6388c2b92cf537eb53743463d65"",""src/extract_bench/inference/providers/extract/jev/variant_boundaries.py"":""d27d8704bad63a1ebfd898fc8c2c43b6575e3a07efcaf04487bfadfcd24ba5be"",""src/extract_bench/inference/providers/extract/jev/variant_fields.py"":""9a21e0920e98714a567ddc9394349f7978692ed380bce208dcbfd20044104597"",""src/extract_bench/inference/providers/extract/jev/variant_geometric.py"":""4b37ff54d32db9b70c311ee5f70a70eeddd120d611b5c1fc323b19d7248087df"",""src/extract_bench/inference/providers/extract/jev/variant_hierarchical.py"":""daf221d74779ae86c52197f3382da91683ffe29381f5bf0494908ba1b70858dd"",""src/extract_bench/inference/providers/extract/jev/variant_hybrid.py"":""846b51de513c32a0af92e981da99119840b8ebaa3604912d144459f8617a3cda"",""src/extract_bench/inference/providers/extract/jev/variant_localized.py"":""3ffc22ac63ad81c534d3c779d23601b911d7b562fc4f2753f3f73afa9bf04bd1"",""src/extract_bench/inference/providers/extract/jev/variant_multipage.py"":""4052fdd23e32862d08fe37aba1367e639500b836d9cb0de5dd2b44a8c58ce2d8"",""src/extract_bench/inference/providers/extract/jev/variant_rowrepair.py"":""d5087a232b32b70a42dad8f66be57ad98d230b1ef702a7820f7b5ea528aed410"",""src/extract_bench/inference/providers/extract/jev/variant_tables.py"":""2f386db74b474965c99d8652153ae52bbd0f2a9546ad7bb8352e47d5dfd48009"",""src/extract_bench/inference/providers/extract/jev_provider.py"":""781453b5d5c60369753619978b30f1f8285064cbe1499ee0474f182f95974bfd"",""src/extract_bench/inference/providers/extract/table_codegen/schema_utils.py"":""0d142666f01b497c2b17beba54200f2b3f9efeba92c7ee51ec90b6bd1543f075""}","{""pdf_sha256"":""0aacb98fdb9ee986940f4b1c348f403acfaa42d32621a22909c6f3abb0f75f8f"",""schema_sha256"":""9c44694c086d54a67e6f397dc2ed9f7c103738a4de5811d0395bba71a6261338""}",31aac5e2fee31ae8cc541eed87f5078370ae86ca5789912f438a48b34337e2f7,0276c6d598bf74f2d99f3a296e3fa4e878314fb7ea9591bd0d3bb71b6c76ca35,0.5101235324330473,0.4,0.06106870229007634,0.03305785123966942,0.4,38.0,0.0,0.0,0.0,0.0,0.0,0.0,,,,,0.09090909090909091,0.2857142857142857,0.47619047619047616,,,,0.6666666666666666,1.0,0.5,0.07633587786259542,0.04132231404958678,0.5
rowrepair,ccc_online_0012_chubb_dodge_durango_corrupted,dev,medium,17,typesafe/jev-1.13,2.14.4,0.05496624000000002,393,,,"{""learning/jev/run.py"":""17069eac4359c20ce119c195dcc937028f6dc6806cd5ed94d77fd43afcaf2a80"",""src/extract_bench/inference/providers/extract/jev/__init__.py"":""56172964a8506bc66b4cf6917d105c52425ef080f644d107e72e1ad0fbc4d25b"",""src/extract_bench/inference/providers/extract/jev/citations.py"":""9842e1acbbc28b63e0c69e0197015911da8eba281f9a09b5dbc24bdb4da5279d"",""src/extract_bench/inference/providers/extract/jev/client.py"":""beb1a61abb4b88e0c376f51442ced7df794dcaba9976c360914bef744220cd35"",""src/extract_bench/inference/providers/extract/jev/parser.py"":""1a244b12c95dd53248e4bcf0659655726b92b6388c2b92cf537eb53743463d65"",""src/extract_bench/inference/providers/extract/jev/variant_boundaries.py"":""d27d8704bad63a1ebfd898fc8c2c43b6575e3a07efcaf04487bfadfcd24ba5be"",""src/extract_bench/inference/providers/extract/jev/variant_fields.py"":""9a21e0920e98714a567ddc9394349f7978692ed380bce208dcbfd20044104597"",""src/extract_bench/inference/providers/extract/jev/variant_geometric.py"":""4b37ff54d32db9b70c311ee5f70a70eeddd120d611b5c1fc323b19d7248087df"",""src/extract_bench/inference/providers/extract/jev/variant_hierarchical.py"":""daf221d74779ae86c52197f3382da91683ffe29381f5bf0494908ba1b70858dd"",""src/extract_bench/inference/providers/extract/jev/variant_hybrid.py"":""846b51de513c32a0af92e981da99119840b8ebaa3604912d144459f8617a3cda"",""src/extract_bench/inference/providers/extract/jev/variant_localized.py"":""3ffc22ac63ad81c534d3c779d23601b911d7b562fc4f2753f3f73afa9bf04bd1"",""src/extract_bench/inference/providers/extract/jev/variant_multipage.py"":""4052fdd23e32862d08fe37aba1367e639500b836d9cb0de5dd2b44a8c58ce2d8"",""src/extract_bench/inference/providers/extract/jev/variant_rowrepair.py"":""d5087a232b32b70a42dad8f66be57ad98d230b1ef702a7820f7b5ea528aed410"",""src/extract_bench/inference/providers/extract/jev/variant_tables.py"":""2f386db74b474965c99d8652153ae52bbd0f2a9546ad7bb8352e47d5dfd48009"",""src/extract_bench/inference/providers/extract/jev_provider.py"":""781453b5d5c60369753619978b30f1f8285064cbe1499ee0474f182f95974bfd"",""src/extract_bench/inference/providers/extract/table_codegen/schema_utils.py"":""0d142666f01b497c2b17beba54200f2b3f9efeba92c7ee51ec90b6bd1543f075""}","{""pdf_sha256"":""3b36e3cc0c65b1bfa82bc668ac92ea4c7b0bd40fb42640cd155af4877157cba1"",""schema_sha256"":""97bc56fc0019939b8f89e45349601a7d6962f7f15b962b6ed32b8aa0c43e1939""}",0a60c27b95385aaee7da47d5788a5a06b0b05f233530877b0789ec8ea4458451,1a2a07b947bb2f46eb3bb01f806b580b96a662a1d77923b9b58059d9d3469a86,0.12122434411947001,0.2032520325203252,0.08503401360544217,0.053763440860215055,0.2032520325203252,6.5,0.0,0.0,0.0,0.0,0.0,0.0,,,,,0.06521739130434782,0.0873015873015873,0.2222222222222222,,,,0.0,0.0,0.0,0.08503401360544217,0.053763440860215055,0.2032520325203252
rowrepair,cfpb_closing-disclosure_filled-sample_corrupted,dev,short,5,typesafe/jev-1.13,2.14.4,0.04718473199999999,262,,,"{""learning/jev/run.py"":""17069eac4359c20ce119c195dcc937028f6dc6806cd5ed94d77fd43afcaf2a80"",""src/extract_bench/inference/providers/extract/jev/__init__.py"":""56172964a8506bc66b4cf6917d105c52425ef080f644d107e72e1ad0fbc4d25b"",""src/extract_bench/inference/providers/extract/jev/citations.py"":""9842e1acbbc28b63e0c69e0197015911da8eba281f9a09b5dbc24bdb4da5279d"",""src/extract_bench/inference/providers/extract/jev/client.py"":""f7559dcdfd56e0318a4c0359850f35ac802d3857a05974d2b3e87a2ff160a230"",""src/extract_bench/inference/providers/extract/jev/parser.py"":""1a244b12c95dd53248e4bcf0659655726b92b6388c2b92cf537eb53743463d65"",""src/extract_bench/inference/providers/extract/jev/variant_boundaries.py"":""d27d8704bad63a1ebfd898fc8c2c43b6575e3a07efcaf04487bfadfcd24ba5be"",""src/extract_bench/inference/providers/extract/jev/variant_fields.py"":""9a21e0920e98714a567ddc9394349f7978692ed380bce208dcbfd20044104597"",""src/extract_bench/inference/providers/extract/jev/variant_geometric.py"":""4b37ff54d32db9b70c311ee5f70a70eeddd120d611b5c1fc323b19d7248087df"",""src/extract_bench/inference/providers/extract/jev/variant_hierarchical.py"":""daf221d74779ae86c52197f3382da91683ffe29381f5bf0494908ba1b70858dd"",""src/extract_bench/inference/providers/extract/jev/variant_hybrid.py"":""846b51de513c32a0af92e981da99119840b8ebaa3604912d144459f8617a3cda"",""src/extract_bench/inference/providers/extract/jev/variant_localized.py"":""3ffc22ac63ad81c534d3c779d23601b911d7b562fc4f2753f3f73afa9bf04bd1"",""src/extract_bench/inference/providers/extract/jev/variant_multipage.py"":""4052fdd23e32862d08fe37aba1367e639500b836d9cb0de5dd2b44a8c58ce2d8"",""src/extract_bench/inference/providers/extract/jev/variant_rowrepair.py"":""d5087a232b32b70a42dad8f66be57ad98d230b1ef702a7820f7b5ea528aed410"",""src/extract_bench/inference/providers/extract/jev/variant_tables.py"":""2f386db74b474965c99d8652153ae52bbd0f2a9546ad7bb8352e47d5dfd48009"",""src/extract_bench/inference/providers/extract/jev_provider.py"":""781453b5d5c60369753619978b30f1f8285064cbe1499ee0474f182f95974bfd"",""src/extract_bench/inference/providers/extract/table_codegen/schema_utils.py"":""0d142666f01b497c2b17beba54200f2b3f9efeba92c7ee51ec90b6bd1543f075""}","{""pdf_sha256"":""257964ee735970ddf25d6dd56b3e34af80fcca8c473f9cc79eb8388ea253bc7b"",""schema_sha256"":""166b66fcdeba068088c5d867c232204bbff04cd0b3bac9badabaa4f95e0d655e""}",1af7d95c0fde83cfea2510f11b2bcd044ead8618028bea479ceff6695b3aa679,f3addae5bb1b1ba3e92ec54ad0ec96caa98ee0cf6374db809d6ada1322c14870,0.11974366828685247,0.43870967741935485,0.3655913978494624,0.31336405529953915,0.43870967741935485,1.5263157894736843,0.0,0.0,0.0,0.0,0.0,0.0,,,,,0.24429967426710097,0.24281150159744408,0.34824281150159747,,,,,,,0.3655913978494624,0.31336405529953915,0.43870967741935485
rowrepair,gsa_mas_it_labor_0010,dev,medium,15,typesafe/jev-1.13,2.14.4,0.013361795999999999,126,,,"{""learning/jev/run.py"":""17069eac4359c20ce119c195dcc937028f6dc6806cd5ed94d77fd43afcaf2a80"",""src/extract_bench/inference/providers/extract/jev/__init__.py"":""56172964a8506bc66b4cf6917d105c52425ef080f644d107e72e1ad0fbc4d25b"",""src/extract_bench/inference/providers/extract/jev/citations.py"":""9842e1acbbc28b63e0c69e0197015911da8eba281f9a09b5dbc24bdb4da5279d"",""src/extract_bench/inference/providers/extract/jev/client.py"":""beb1a61abb4b88e0c376f51442ced7df794dcaba9976c360914bef744220cd35"",""src/extract_bench/inference/providers/extract/jev/parser.py"":""1a244b12c95dd53248e4bcf0659655726b92b6388c2b92cf537eb53743463d65"",""src/extract_bench/inference/providers/extract/jev/variant_boundaries.py"":""d27d8704bad63a1ebfd898fc8c2c43b6575e3a07efcaf04487bfadfcd24ba5be"",""src/extract_bench/inference/providers/extract/jev/variant_fields.py"":""9a21e0920e98714a567ddc9394349f7978692ed380bce208dcbfd20044104597"",""src/extract_bench/inference/providers/extract/jev/variant_geometric.py"":""4b37ff54d32db9b70c311ee5f70a70eeddd120d611b5c1fc323b19d7248087df"",""src/extract_bench/inference/providers/extract/jev/variant_hierarchical.py"":""daf221d74779ae86c52197f3382da91683ffe29381f5bf0494908ba1b70858dd"",""src/extract_bench/inference/providers/extract/jev/variant_hybrid.py"":""846b51de513c32a0af92e981da99119840b8ebaa3604912d144459f8617a3cda"",""src/extract_bench/inference/providers/extract/jev/variant_localized.py"":""3ffc22ac63ad81c534d3c779d23601b911d7b562fc4f2753f3f73afa9bf04bd1"",""src/extract_bench/inference/providers/extract/jev/variant_multipage.py"":""4052fdd23e32862d08fe37aba1367e639500b836d9cb0de5dd2b44a8c58ce2d8"",""src/extract_bench/inference/providers/extract/jev/variant_rowrepair.py"":""d5087a232b32b70a42dad8f66be57ad98d230b1ef702a7820f7b5ea528aed410"",""src/extract_bench/inference/providers/extract/jev/variant_tables.py"":""2f386db74b474965c99d8652153ae52bbd0f2a9546ad7bb8352e47d5dfd48009"",""src/extract_bench/inference/providers/extract/jev_provider.py"":""781453b5d5c60369753619978b30f1f8285064cbe1499ee0474f182f95974bfd"",""src/extract_bench/inference/providers/extract/table_codegen/schema_utils.py"":""0d142666f01b497c2b17beba54200f2b3f9efeba92c7ee51ec90b6bd1543f075""}","{""pdf_sha256"":""f635fa705077b35a36859509c0094cf6a17f1bd6d29c830bced79183ddc3be58"",""schema_sha256"":""27a32c93f440da9aaa09878c85e8185c47eef79f2d42843d4ff878498bf7a573""}",aa06d0dac72bb4674a64ac5dd20ceb62b9a747b8d1dc0ccf1c5e566f8d03ec02,eecf211edc463ad03db745c88ac61c924d1a4b81bdedd19a18bd9b802da29155,0.06529933481152993,0.5757575757575758,0.12837837837837837,0.07224334600760456,0.5757575757575758,8.666666666666666,0.0,0.0,0.0,0.0,0.0,0.0,,,,,0.0,0.0,0.09090909090909091,,,,,,,0.12837837837837837,0.07224334600760456,0.5757575757575758
rowrepair,mcdonalds_receipt_chicago_documentcloud,dev,short,1,typesafe/jev-1.13,2.14.4,0.0017608919999999998,11,,,"{""learning/jev/run.py"":""17069eac4359c20ce119c195dcc937028f6dc6806cd5ed94d77fd43afcaf2a80"",""src/extract_bench/inference/providers/extract/jev/__init__.py"":""56172964a8506bc66b4cf6917d105c52425ef080f644d107e72e1ad0fbc4d25b"",""src/extract_bench/inference/providers/extract/jev/citations.py"":""9842e1acbbc28b63e0c69e0197015911da8eba281f9a09b5dbc24bdb4da5279d"",""src/extract_bench/inference/providers/extract/jev/client.py"":""f7559dcdfd56e0318a4c0359850f35ac802d3857a05974d2b3e87a2ff160a230"",""src/extract_bench/inference/providers/extract/jev/parser.py"":""1a244b12c95dd53248e4bcf0659655726b92b6388c2b92cf537eb53743463d65"",""src/extract_bench/inference/providers/extract/jev/variant_boundaries.py"":""d27d8704bad63a1ebfd898fc8c2c43b6575e3a07efcaf04487bfadfcd24ba5be"",""src/extract_bench/inference/providers/extract/jev/variant_fields.py"":""9a21e0920e98714a567ddc9394349f7978692ed380bce208dcbfd20044104597"",""src/extract_bench/inference/providers/extract/jev/variant_geometric.py"":""4b37ff54d32db9b70c311ee5f70a70eeddd120d611b5c1fc323b19d7248087df"",""src/extract_bench/inference/providers/extract/jev/variant_hierarchical.py"":""daf221d74779ae86c52197f3382da91683ffe29381f5bf0494908ba1b70858dd"",""src/extract_bench/inference/providers/extract/jev/variant_hybrid.py"":""846b51de513c32a0af92e981da99119840b8ebaa3604912d144459f8617a3cda"",""src/extract_bench/inference/providers/extract/jev/variant_localized.py"":""3ffc22ac63ad81c534d3c779d23601b911d7b562fc4f2753f3f73afa9bf04bd1"",""src/extract_bench/inference/providers/extract/jev/variant_multipage.py"":""4052fdd23e32862d08fe37aba1367e639500b836d9cb0de5dd2b44a8c58ce2d8"",""src/extract_bench/inference/providers/extract/jev/variant_rowrepair.py"":""d5087a232b32b70a42dad8f66be57ad98d230b1ef702a7820f7b5ea528aed410"",""src/extract_bench/inference/providers/extract/jev/variant_tables.py"":""2f386db74b474965c99d8652153ae52bbd0f2a9546ad7bb8352e47d5dfd48009"",""src/extract_bench/inference/providers/extract/jev_provider.py"":""781453b5d5c60369753619978b30f1f8285064cbe1499ee0474f182f95974bfd"",""src/extract_bench/inference/providers/extract/table_codegen/schema_utils.py"":""0d142666f01b497c2b17beba54200f2b3f9efeba92c7ee51ec90b6bd1543f075""}","{""pdf_sha256"":""7733dfb56fe7f3b58d5f9070463d1f9341a44794f871c5aaacccb6278ac5ddd6"",""schema_sha256"":""0b8525756617e8df86ef0599fb3b7b4a3c81a9cab45d9e6dd38fe11c51473d84""}",e7a55f844a786828a98fc6f116384943826b1386bbebd147286b1bcff7741d7f,f239f3be84fa9f96d06b28bf1e2a717a7e11236675cb6349d5db03d244701578,0.24308565270331886,0.47058823529411764,0.47058823529411764,0.47058823529411764,0.47058823529411764,1.0,0.0,0.0,0.0,0.0,0.0,0.0,,,,,0.06521739130434782,0.14545454545454545,0.45454545454545453,,,,,,,0.48148148148148145,0.48148148148148145,0.48148148148148145
rowrepair,ms_medicaid_ra_adjustments_corrupted,dev,short,4,typesafe/jev-1.13,2.14.4,0.008951334,61,,,"{""learning/jev/run.py"":""17069eac4359c20ce119c195dcc937028f6dc6806cd5ed94d77fd43afcaf2a80"",""src/extract_bench/inference/providers/extract/jev/__init__.py"":""56172964a8506bc66b4cf6917d105c52425ef080f644d107e72e1ad0fbc4d25b"",""src/extract_bench/inference/providers/extract/jev/citations.py"":""9842e1acbbc28b63e0c69e0197015911da8eba281f9a09b5dbc24bdb4da5279d"",""src/extract_bench/inference/providers/extract/jev/client.py"":""f7559dcdfd56e0318a4c0359850f35ac802d3857a05974d2b3e87a2ff160a230"",""src/extract_bench/inference/providers/extract/jev/parser.py"":""1a244b12c95dd53248e4bcf0659655726b92b6388c2b92cf537eb53743463d65"",""src/extract_bench/inference/providers/extract/jev/variant_boundaries.py"":""d27d8704bad63a1ebfd898fc8c2c43b6575e3a07efcaf04487bfadfcd24ba5be"",""src/extract_bench/inference/providers/extract/jev/variant_fields.py"":""9a21e0920e98714a567ddc9394349f7978692ed380bce208dcbfd20044104597"",""src/extract_bench/inference/providers/extract/jev/variant_geometric.py"":""4b37ff54d32db9b70c311ee5f70a70eeddd120d611b5c1fc323b19d7248087df"",""src/extract_bench/inference/providers/extract/jev/variant_hierarchical.py"":""daf221d74779ae86c52197f3382da91683ffe29381f5bf0494908ba1b70858dd"",""src/extract_bench/inference/providers/extract/jev/variant_hybrid.py"":""846b51de513c32a0af92e981da99119840b8ebaa3604912d144459f8617a3cda"",""src/extract_bench/inference/providers/extract/jev/variant_localized.py"":""3ffc22ac63ad81c534d3c779d23601b911d7b562fc4f2753f3f73afa9bf04bd1"",""src/extract_bench/inference/providers/extract/jev/variant_multipage.py"":""4052fdd23e32862d08fe37aba1367e639500b836d9cb0de5dd2b44a8c58ce2d8"",""src/extract_bench/inference/providers/extract/jev/variant_rowrepair.py"":""d5087a232b32b70a42dad8f66be57ad98d230b1ef702a7820f7b5ea528aed410"",""src/extract_bench/inference/providers/extract/jev/variant_tables.py"":""2f386db74b474965c99d8652153ae52bbd0f2a9546ad7bb8352e47d5dfd48009"",""src/extract_bench/inference/providers/extract/jev_provider.py"":""781453b5d5c60369753619978b30f1f8285064cbe1499ee0474f182f95974bfd"",""src/extract_bench/inference/providers/extract/table_codegen/schema_utils.py"":""0d142666f01b497c2b17beba54200f2b3f9efeba92c7ee51ec90b6bd1543f075""}","{""pdf_sha256"":""9b17b95061663faaa627a2fb38558cc2a4e030a7e9669755b1e0e2792a83bf4e"",""schema_sha256"":""13eaa707b5ac17f2c0deef4667980b1ee49b2113f51f1c5eabdf266e4b1b5db5""}",969a6b3b1e51c79f44b0169318369fb596dfc5e0637f44b6acceb5c744b2575b,5b3e45eb9e35bc8e48da89acefe29174292b36ad9ae9d97e73730ad6e2fff5ad,0.0,0.15517241379310345,0.08490566037735849,0.05844155844155844,0.15517241379310345,2.6,0.0,0.0,0.0,0.0,0.0,0.0,,,,,0.08571428571428572,0.06557377049180328,0.14754098360655737,,,,,,,0.08490566037735849,0.05844155844155844,0.15517241379310345
rowrepair,sec_13f_0026_brown_brothers_harriman,dev,long,55,typesafe/jev-1.13,2.14.4,0.20872349400000062,1427,,,"{""learning/jev/run.py"":""17069eac4359c20ce119c195dcc937028f6dc6806cd5ed94d77fd43afcaf2a80"",""src/extract_bench/inference/providers/extract/jev/__init__.py"":""56172964a8506bc66b4cf6917d105c52425ef080f644d107e72e1ad0fbc4d25b"",""src/extract_bench/inference/providers/extract/jev/citations.py"":""9842e1acbbc28b63e0c69e0197015911da8eba281f9a09b5dbc24bdb4da5279d"",""src/extract_bench/inference/providers/extract/jev/client.py"":""beb1a61abb4b88e0c376f51442ced7df794dcaba9976c360914bef744220cd35"",""src/extract_bench/inference/providers/extract/jev/parser.py"":""1a244b12c95dd53248e4bcf0659655726b92b6388c2b92cf537eb53743463d65"",""src/extract_bench/inference/providers/extract/jev/variant_boundaries.py"":""d27d8704bad63a1ebfd898fc8c2c43b6575e3a07efcaf04487bfadfcd24ba5be"",""src/extract_bench/inference/providers/extract/jev/variant_fields.py"":""9a21e0920e98714a567ddc9394349f7978692ed380bce208dcbfd20044104597"",""src/extract_bench/inference/providers/extract/jev/variant_geometric.py"":""4b37ff54d32db9b70c311ee5f70a70eeddd120d611b5c1fc323b19d7248087df"",""src/extract_bench/inference/providers/extract/jev/variant_hierarchical.py"":""daf221d74779ae86c52197f3382da91683ffe29381f5bf0494908ba1b70858dd"",""src/extract_bench/inference/providers/extract/jev/variant_hybrid.py"":""846b51de513c32a0af92e981da99119840b8ebaa3604912d144459f8617a3cda"",""src/extract_bench/inference/providers/extract/jev/variant_localized.py"":""3ffc22ac63ad81c534d3c779d23601b911d7b562fc4f2753f3f73afa9bf04bd1"",""src/extract_bench/inference/providers/extract/jev/variant_multipage.py"":""4052fdd23e32862d08fe37aba1367e639500b836d9cb0de5dd2b44a8c58ce2d8"",""src/extract_bench/inference/providers/extract/jev/variant_rowrepair.py"":""d5087a232b32b70a42dad8f66be57ad98d230b1ef702a7820f7b5ea528aed410"",""src/extract_bench/inference/providers/extract/jev/variant_tables.py"":""2f386db74b474965c99d8652153ae52bbd0f2a9546ad7bb8352e47d5dfd48009"",""src/extract_bench/inference/providers/extract/jev_provider.py"":""781453b5d5c60369753619978b30f1f8285064cbe1499ee0474f182f95974bfd"",""src/extract_bench/inference/providers/extract/table_codegen/schema_utils.py"":""0d142666f01b497c2b17beba54200f2b3f9efeba92c7ee51ec90b6bd1543f075""}","{""pdf_sha256"":""4787d70ca373866d0e595f923c9305d0759e63f7dd7128e070b78efbf3632283"",""schema_sha256"":""213162a02c73274888105e01841954b374bf7e76f4b89a13bd4012e54d267862""}",eca58ff4d1a72ebee1fc30f5f9622889fbf793ef6a24b9aaacd524bc144a688d,b57910aea05499dbe8ed2f88a7687067401ffdabeef7fd8e43408d8b1a0c3d6c,0.027772118976639042,0.6429599177800617,0.6377328678100869,0.6325901208352293,0.6429599177800617,1.0163934426229508,0.0,0.0,0.0,0.0,0.0,0.0,0.10263026605590851,0.06371438934758626,0.5844026483857737,0.35003222593308725,0.5634213158238031,0.5633968171145317,0.5746586659709539,0.1399258601785621,0.6423777564717162,0.07851409152164997,0.7228120877049695,0.7791020518724182,0.6741079275795394,0.6832424039850775,0.6777326203208556,0.6888425080441778
rowrepair,utah_fleet_rate_schedule_fy2024,dev,short,2,typesafe/jev-1.13,2.14.4,0.001310652,11,,,"{""learning/jev/run.py"":""17069eac4359c20ce119c195dcc937028f6dc6806cd5ed94d77fd43afcaf2a80"",""src/extract_bench/inference/providers/extract/jev/__init__.py"":""56172964a8506bc66b4cf6917d105c52425ef080f644d107e72e1ad0fbc4d25b"",""src/extract_bench/inference/providers/extract/jev/citations.py"":""9842e1acbbc28b63e0c69e0197015911da8eba281f9a09b5dbc24bdb4da5279d"",""src/extract_bench/inference/providers/extract/jev/client.py"":""f7559dcdfd56e0318a4c0359850f35ac802d3857a05974d2b3e87a2ff160a230"",""src/extract_bench/inference/providers/extract/jev/parser.py"":""1a244b12c95dd53248e4bcf0659655726b92b6388c2b92cf537eb53743463d65"",""src/extract_bench/inference/providers/extract/jev/variant_boundaries.py"":""d27d8704bad63a1ebfd898fc8c2c43b6575e3a07efcaf04487bfadfcd24ba5be"",""src/extract_bench/inference/providers/extract/jev/variant_fields.py"":""9a21e0920e98714a567ddc9394349f7978692ed380bce208dcbfd20044104597"",""src/extract_bench/inference/providers/extract/jev/variant_geometric.py"":""4b37ff54d32db9b70c311ee5f70a70eeddd120d611b5c1fc323b19d7248087df"",""src/extract_bench/inference/providers/extract/jev/variant_hierarchical.py"":""daf221d74779ae86c52197f3382da91683ffe29381f5bf0494908ba1b70858dd"",""src/extract_bench/inference/providers/extract/jev/variant_hybrid.py"":""846b51de513c32a0af92e981da99119840b8ebaa3604912d144459f8617a3cda"",""src/extract_bench/inference/providers/extract/jev/variant_localized.py"":""3ffc22ac63ad81c534d3c779d23601b911d7b562fc4f2753f3f73afa9bf04bd1"",""src/extract_bench/inference/providers/extract/jev/variant_multipage.py"":""4052fdd23e32862d08fe37aba1367e639500b836d9cb0de5dd2b44a8c58ce2d8"",""src/extract_bench/inference/providers/extract/jev/variant_rowrepair.py"":""d5087a232b32b70a42dad8f66be57ad98d230b1ef702a7820f7b5ea528aed410"",""src/extract_bench/inference/providers/extract/jev/variant_tables.py"":""2f386db74b474965c99d8652153ae52bbd0f2a9546ad7bb8352e47d5dfd48009"",""src/extract_bench/inference/providers/extract/jev_provider.py"":""781453b5d5c60369753619978b30f1f8285064cbe1499ee0474f182f95974bfd"",""src/extract_bench/inference/providers/extract/table_codegen/schema_utils.py"":""0d142666f01b497c2b17beba54200f2b3f9efeba92c7ee51ec90b6bd1543f075""}","{""pdf_sha256"":""0b3841123954a66b6eec5cc0cd75c42c58910e6ac0558a65bdb21591af6bcc30"",""schema_sha256"":""8d2100fb3b42f63411a8a3e12b615f0247d4b2b50331a715a4fa980a6b54b23c""}",74f502f9fdbcf3d43d19a073dc86e61356321f2b10889742288c0970c7b93a91,faa972ec26378311ad14a54ef3b8e9076a02cc3cabb8e5c101849435fd650835,0.43839708642475084,0.4,0.40963855421686746,0.41975308641975306,0.4,0.9523809523809523,0.0,0.0,0.0,0.0,0.0,0.0,,,,,0.0,0.0,0.42105263157894735,,,,,,,0.41566265060240964,0.42592592592592593,0.40588235294117647
compact,07021-2016-p0018,dev,short,1,typesafe/jev-1.13,2.14.4,0.005668866,29,,,"{""learning/jev/run.py"":""17069eac4359c20ce119c195dcc937028f6dc6806cd5ed94d77fd43afcaf2a80"",""src/extract_bench/inference/providers/extract/jev/__init__.py"":""56172964a8506bc66b4cf6917d105c52425ef080f644d107e72e1ad0fbc4d25b"",""src/extract_bench/inference/providers/extract/jev/citations.py"":""4144e688671ea5cacf65bfc08e94760cabb8f2edd203b378cdbf66ca9bcb510e"",""src/extract_bench/inference/providers/extract/jev/client.py"":""beb1a61abb4b88e0c376f51442ced7df794dcaba9976c360914bef744220cd35"",""src/extract_bench/inference/providers/extract/jev/parser.py"":""bfe6db7e59a7c887901bb07c0db0a378b95342cb3f9b526b2bb435fb75486535"",""src/extract_bench/inference/providers/extract/jev/variant_anchors.py"":""b92c84f0acdf53d8dd0097a6ac2d8f6aa65c493b5250dddf51dcbcf675034ae7"",""src/extract_bench/inference/providers/extract/jev/variant_boundaries.py"":""5459a351a81ecd7629ad57d8d310f35a190cf288f551b97e09c110406413c980"",""src/extract_bench/inference/providers/extract/jev/variant_compact.py"":""2c6391fe6262f575decc967a3202b00d1d1dcbcd639fe7546dfa152a7b4fd666"",""src/extract_bench/inference/providers/extract/jev/variant_consensus.py"":""40180b7093440c4833d53472002cc172e0133de1217b77ee63d223f40206cfe8"",""src/extract_bench/inference/providers/extract/jev/variant_fields.py"":""9a21e0920e98714a567ddc9394349f7978692ed380bce208dcbfd20044104597"",""src/extract_bench/inference/providers/extract/jev/variant_geometric.py"":""4b37ff54d32db9b70c311ee5f70a70eeddd120d611b5c1fc323b19d7248087df"",""src/extract_bench/inference/providers/extract/jev/variant_hierarchical.py"":""d786f7feecbf31c06ef8099be47e57958c37280d71705e05384234eb304c3d38"",""src/extract_bench/inference/providers/extract/jev/variant_hybrid.py"":""846b51de513c32a0af92e981da99119840b8ebaa3604912d144459f8617a3cda"",""src/extract_bench/inference/providers/extract/jev/variant_localized.py"":""9739b688b0c6298c84a453bd37a17622854dff66031584fa4007b872183c1f32"",""src/extract_bench/inference/providers/extract/jev/variant_multipage.py"":""8039f13cb57506671951878d63a32c0dd3a4c123c87f649a0a48ab0662e85818"",""src/extract_bench/inference/providers/extract/jev/variant_rowrepair.py"":""6aa926f26e5296a953e7c6ac7a3a57c2bf3d2b2f2002ab40a20dc7686067a32e"",""src/extract_bench/inference/providers/extract/jev/variant_tables.py"":""540a3c3f382eec8115c50bf05a4e726c9453e378828cefbf359ea7c380a55c95"",""src/extract_bench/inference/providers/extract/jev_provider.py"":""781453b5d5c60369753619978b30f1f8285064cbe1499ee0474f182f95974bfd"",""src/extract_bench/inference/providers/extract/table_codegen/schema_utils.py"":""0d142666f01b497c2b17beba54200f2b3f9efeba92c7ee51ec90b6bd1543f075""}","{""pdf_sha256"":""e667acf072151b34ddaee54965db1c838855019efce443d610c826b21472cdb5"",""schema_sha256"":""30623361bad97ee66e685ddc8d0e859150ec2019b914757799140b776e80938a""}",0ef47a9801fe23e4a69ff8e1c4053bcb0167183d566d42f62c99fc041d9d38fe,6e6fc8fdf8dac5b2b4ba9a846f129156b3b2900bba9dfb458a9072e0b0442fed,0.4466364965719293,0.46808510638297873,0.4583333333333333,0.4489795918367347,0.46808510638297873,1.5,0.0,0.0,0.0,0.0,0.0,0.0,0.0,0.0,0.07407407407407407,0.0,0.2727272727272727,0.10344827586206896,0.20689655172413793,0.0,0.0,0.0,0.05555555555555555,0.1111111111111111,0.037037037037037035,0.4583333333333333,0.4489795918367347,0.46808510638297873
compact,H9-53-59_60,dev,short,1,typesafe/jev-1.13,2.14.4,0.009259529999999997,48,,,"{""learning/jev/run.py"":""17069eac4359c20ce119c195dcc937028f6dc6806cd5ed94d77fd43afcaf2a80"",""src/extract_bench/inference/providers/extract/jev/__init__.py"":""56172964a8506bc66b4cf6917d105c52425ef080f644d107e72e1ad0fbc4d25b"",""src/extract_bench/inference/providers/extract/jev/citations.py"":""4144e688671ea5cacf65bfc08e94760cabb8f2edd203b378cdbf66ca9bcb510e"",""src/extract_bench/inference/providers/extract/jev/client.py"":""beb1a61abb4b88e0c376f51442ced7df794dcaba9976c360914bef744220cd35"",""src/extract_bench/inference/providers/extract/jev/parser.py"":""bfe6db7e59a7c887901bb07c0db0a378b95342cb3f9b526b2bb435fb75486535"",""src/extract_bench/inference/providers/extract/jev/variant_anchors.py"":""b92c84f0acdf53d8dd0097a6ac2d8f6aa65c493b5250dddf51dcbcf675034ae7"",""src/extract_bench/inference/providers/extract/jev/variant_boundaries.py"":""5459a351a81ecd7629ad57d8d310f35a190cf288f551b97e09c110406413c980"",""src/extract_bench/inference/providers/extract/jev/variant_compact.py"":""2c6391fe6262f575decc967a3202b00d1d1dcbcd639fe7546dfa152a7b4fd666"",""src/extract_bench/inference/providers/extract/jev/variant_consensus.py"":""40180b7093440c4833d53472002cc172e0133de1217b77ee63d223f40206cfe8"",""src/extract_bench/inference/providers/extract/jev/variant_fields.py"":""9a21e0920e98714a567ddc9394349f7978692ed380bce208dcbfd20044104597"",""src/extract_bench/inference/providers/extract/jev/variant_geometric.py"":""4b37ff54d32db9b70c311ee5f70a70eeddd120d611b5c1fc323b19d7248087df"",""src/extract_bench/inference/providers/extract/jev/variant_hierarchical.py"":""d786f7feecbf31c06ef8099be47e57958c37280d71705e05384234eb304c3d38"",""src/extract_bench/inference/providers/extract/jev/variant_hybrid.py"":""846b51de513c32a0af92e981da99119840b8ebaa3604912d144459f8617a3cda"",""src/extract_bench/inference/providers/extract/jev/variant_localized.py"":""9739b688b0c6298c84a453bd37a17622854dff66031584fa4007b872183c1f32"",""src/extract_bench/inference/providers/extract/jev/variant_multipage.py"":""8039f13cb57506671951878d63a32c0dd3a4c123c87f649a0a48ab0662e85818"",""src/extract_bench/inference/providers/extract/jev/variant_rowrepair.py"":""6aa926f26e5296a953e7c6ac7a3a57c2bf3d2b2f2002ab40a20dc7686067a32e"",""src/extract_bench/inference/providers/extract/jev/variant_tables.py"":""540a3c3f382eec8115c50bf05a4e726c9453e378828cefbf359ea7c380a55c95"",""src/extract_bench/inference/providers/extract/jev_provider.py"":""781453b5d5c60369753619978b30f1f8285064cbe1499ee0474f182f95974bfd"",""src/extract_bench/inference/providers/extract/table_codegen/schema_utils.py"":""0d142666f01b497c2b17beba54200f2b3f9efeba92c7ee51ec90b6bd1543f075""}","{""pdf_sha256"":""3138b0b9eb5558bd7a4926da7fd6fcbe9dc6416d598bf3b8a45721151bfb28b4"",""schema_sha256"":""3ed88269aa3b306944b365be830ad89677350e0630dcc2173bad72cef7e3041a""}",980fd624d5c627d221d6d2c8b65ae7530af3d5077ed2cd929ede3c49da8a64a1,cf9c7332516016609e870a814f2690f2b8011b660519f75f6d50ad58949e6737,0.46209784974997953,0.39655172413793105,0.41071428571428575,0.42592592592592593,0.39655172413793105,0.0,0.0,0.0,0.0,0.0,0.0,0.0,0.0,0.0,0.0,0.0,0.7727272727272727,0.35714285714285715,0.6071428571428571,0.0,0.0,0.0,0.35443037974683544,0.6363636363636364,0.24561403508771928,0.5714285714285714,0.5925925925925926,0.5517241379310345
compact,P4-Historical Single Signature83-10963_5480,dev,short,1,typesafe/jev-1.13,2.14.4,0.008006628000000002,40,,,"{""learning/jev/run.py"":""17069eac4359c20ce119c195dcc937028f6dc6806cd5ed94d77fd43afcaf2a80"",""src/extract_bench/inference/providers/extract/jev/__init__.py"":""56172964a8506bc66b4cf6917d105c52425ef080f644d107e72e1ad0fbc4d25b"",""src/extract_bench/inference/providers/extract/jev/citations.py"":""4144e688671ea5cacf65bfc08e94760cabb8f2edd203b378cdbf66ca9bcb510e"",""src/extract_bench/inference/providers/extract/jev/client.py"":""beb1a61abb4b88e0c376f51442ced7df794dcaba9976c360914bef744220cd35"",""src/extract_bench/inference/providers/extract/jev/parser.py"":""bfe6db7e59a7c887901bb07c0db0a378b95342cb3f9b526b2bb435fb75486535"",""src/extract_bench/inference/providers/extract/jev/variant_anchors.py"":""b92c84f0acdf53d8dd0097a6ac2d8f6aa65c493b5250dddf51dcbcf675034ae7"",""src/extract_bench/inference/providers/extract/jev/variant_boundaries.py"":""5459a351a81ecd7629ad57d8d310f35a190cf288f551b97e09c110406413c980"",""src/extract_bench/inference/providers/extract/jev/variant_compact.py"":""2c6391fe6262f575decc967a3202b00d1d1dcbcd639fe7546dfa152a7b4fd666"",""src/extract_bench/inference/providers/extract/jev/variant_consensus.py"":""40180b7093440c4833d53472002cc172e0133de1217b77ee63d223f40206cfe8"",""src/extract_bench/inference/providers/extract/jev/variant_fields.py"":""9a21e0920e98714a567ddc9394349f7978692ed380bce208dcbfd20044104597"",""src/extract_bench/inference/providers/extract/jev/variant_geometric.py"":""4b37ff54d32db9b70c311ee5f70a70eeddd120d611b5c1fc323b19d7248087df"",""src/extract_bench/inference/providers/extract/jev/variant_hierarchical.py"":""d786f7feecbf31c06ef8099be47e57958c37280d71705e05384234eb304c3d38"",""src/extract_bench/inference/providers/extract/jev/variant_hybrid.py"":""846b51de513c32a0af92e981da99119840b8ebaa3604912d144459f8617a3cda"",""src/extract_bench/inference/providers/extract/jev/variant_localized.py"":""9739b688b0c6298c84a453bd37a17622854dff66031584fa4007b872183c1f32"",""src/extract_bench/inference/providers/extract/jev/variant_multipage.py"":""8039f13cb57506671951878d63a32c0dd3a4c123c87f649a0a48ab0662e85818"",""src/extract_bench/inference/providers/extract/jev/variant_rowrepair.py"":""6aa926f26e5296a953e7c6ac7a3a57c2bf3d2b2f2002ab40a20dc7686067a32e"",""src/extract_bench/inference/providers/extract/jev/variant_tables.py"":""540a3c3f382eec8115c50bf05a4e726c9453e378828cefbf359ea7c380a55c95"",""src/extract_bench/inference/providers/extract/jev_provider.py"":""781453b5d5c60369753619978b30f1f8285064cbe1499ee0474f182f95974bfd"",""src/extract_bench/inference/providers/extract/table_codegen/schema_utils.py"":""0d142666f01b497c2b17beba54200f2b3f9efeba92c7ee51ec90b6bd1543f075""}","{""pdf_sha256"":""91e6c084622131653977e8e0f244fe4f13dbae34c8509172948939bdc94d1076"",""schema_sha256"":""c50c32330a96e7259cd4a5a5125dbae3dacc48136407eb1882f2c5f5d2388b6c""}",cb66ca29279ad8fb9ab474323e8205be2c1d17f31ed100bf1782865524364aa8,f8429528f93a14e7bea4d0c885fc31b6e5c197d99c087890d74f560c4ac46dad,0.7815932596189527,0.75,0.709090909090909,0.6724137931034483,0.75,0.0,0.0,0.0,0.0,0.0,0.0,0.0,0.0,0.0,0.0,0.0,0.7142857142857143,0.38461538461538464,0.8461538461538461,0.0,0.0,0.0,0.25806451612903225,0.6153846153846154,0.16326530612244897,0.8,0.7586206896551724,0.8461538461538461
compact,W14-58509_W14 2nd sub revised,dev,short,1,typesafe/jev-1.13,2.14.4,0.029931299999999984,123,,,"{""learning/jev/run.py"":""17069eac4359c20ce119c195dcc937028f6dc6806cd5ed94d77fd43afcaf2a80"",""src/extract_bench/inference/providers/extract/jev/__init__.py"":""56172964a8506bc66b4cf6917d105c52425ef080f644d107e72e1ad0fbc4d25b"",""src/extract_bench/inference/providers/extract/jev/citations.py"":""4144e688671ea5cacf65bfc08e94760cabb8f2edd203b378cdbf66ca9bcb510e"",""src/extract_bench/inference/providers/extract/jev/client.py"":""beb1a61abb4b88e0c376f51442ced7df794dcaba9976c360914bef744220cd35"",""src/extract_bench/inference/providers/extract/jev/parser.py"":""bfe6db7e59a7c887901bb07c0db0a378b95342cb3f9b526b2bb435fb75486535"",""src/extract_bench/inference/providers/extract/jev/variant_anchors.py"":""f217f96ef5db468e0aa5e07047ac31528fd678174ce2112e83b4a8df8d9fbc11"",""src/extract_bench/inference/providers/extract/jev/variant_boundaries.py"":""5459a351a81ecd7629ad57d8d310f35a190cf288f551b97e09c110406413c980"",""src/extract_bench/inference/providers/extract/jev/variant_compact.py"":""2c6391fe6262f575decc967a3202b00d1d1dcbcd639fe7546dfa152a7b4fd666"",""src/extract_bench/inference/providers/extract/jev/variant_consensus.py"":""40180b7093440c4833d53472002cc172e0133de1217b77ee63d223f40206cfe8"",""src/extract_bench/inference/providers/extract/jev/variant_fields.py"":""9a21e0920e98714a567ddc9394349f7978692ed380bce208dcbfd20044104597"",""src/extract_bench/inference/providers/extract/jev/variant_geometric.py"":""4b37ff54d32db9b70c311ee5f70a70eeddd120d611b5c1fc323b19d7248087df"",""src/extract_bench/inference/providers/extract/jev/variant_hierarchical.py"":""d786f7feecbf31c06ef8099be47e57958c37280d71705e05384234eb304c3d38"",""src/extract_bench/inference/providers/extract/jev/variant_hybrid.py"":""846b51de513c32a0af92e981da99119840b8ebaa3604912d144459f8617a3cda"",""src/extract_bench/inference/providers/extract/jev/variant_localized.py"":""9739b688b0c6298c84a453bd37a17622854dff66031584fa4007b872183c1f32"",""src/extract_bench/inference/providers/extract/jev/variant_multipage.py"":""8039f13cb57506671951878d63a32c0dd3a4c123c87f649a0a48ab0662e85818"",""src/extract_bench/inference/providers/extract/jev/variant_rowrepair.py"":""6aa926f26e5296a953e7c6ac7a3a57c2bf3d2b2f2002ab40a20dc7686067a32e"",""src/extract_bench/inference/providers/extract/jev/variant_tables.py"":""540a3c3f382eec8115c50bf05a4e726c9453e378828cefbf359ea7c380a55c95"",""src/extract_bench/inference/providers/extract/jev_provider.py"":""781453b5d5c60369753619978b30f1f8285064cbe1499ee0474f182f95974bfd"",""src/extract_bench/inference/providers/extract/table_codegen/schema_utils.py"":""0d142666f01b497c2b17beba54200f2b3f9efeba92c7ee51ec90b6bd1543f075""}","{""pdf_sha256"":""22511db4eda31b6cba04e88fc8732c47e00d191d81cc9468c4e1366214f4901a"",""schema_sha256"":""7ad6ae99b204297b28920683d028ff9ef71b35a455b7a34a7f2363fd474d5d45""}",af27e744f3754444313aa610a0e2a10f63e0a6c84b2996d18b393bef441a04d8,11034be0960aa2990af5c0cf084ad103f861fd5b4fd5ec9dcdfde94367965986,0.5629407170695973,0.7212389380530974,0.7494252873563217,0.7799043062200957,0.7212389380530974,0.75,0.0,0.0,0.0,0.0,0.0,0.0,0.26400662378487366,0.08704850866098578,0.34285714285714286,0.19047619047619047,0.7183098591549296,0.5684931506849316,0.7465753424657534,0.09090909090909091,0.3,0.05357142857142857,0.32167832167832167,0.7540983606557377,0.20444444444444446,0.8183908045977012,0.8516746411483254,0.7876106194690266
compact,baker_hughes_earnings_deck_q4fy25,dev,medium,25,typesafe/jev-1.13,2.14.4,0.003574746,12,,,"{""learning/jev/run.py"":""17069eac4359c20ce119c195dcc937028f6dc6806cd5ed94d77fd43afcaf2a80"",""src/extract_bench/inference/providers/extract/jev/__init__.py"":""56172964a8506bc66b4cf6917d105c52425ef080f644d107e72e1ad0fbc4d25b"",""src/extract_bench/inference/providers/extract/jev/citations.py"":""4144e688671ea5cacf65bfc08e94760cabb8f2edd203b378cdbf66ca9bcb510e"",""src/extract_bench/inference/providers/extract/jev/client.py"":""beb1a61abb4b88e0c376f51442ced7df794dcaba9976c360914bef744220cd35"",""src/extract_bench/inference/providers/extract/jev/parser.py"":""bfe6db7e59a7c887901bb07c0db0a378b95342cb3f9b526b2bb435fb75486535"",""src/extract_bench/inference/providers/extract/jev/variant_anchors.py"":""f217f96ef5db468e0aa5e07047ac31528fd678174ce2112e83b4a8df8d9fbc11"",""src/extract_bench/inference/providers/extract/jev/variant_boundaries.py"":""5459a351a81ecd7629ad57d8d310f35a190cf288f551b97e09c110406413c980"",""src/extract_bench/inference/providers/extract/jev/variant_compact.py"":""2c6391fe6262f575decc967a3202b00d1d1dcbcd639fe7546dfa152a7b4fd666"",""src/extract_bench/inference/providers/extract/jev/variant_consensus.py"":""40180b7093440c4833d53472002cc172e0133de1217b77ee63d223f40206cfe8"",""src/extract_bench/inference/providers/extract/jev/variant_fields.py"":""9a21e0920e98714a567ddc9394349f7978692ed380bce208dcbfd20044104597"",""src/extract_bench/inference/providers/extract/jev/variant_geometric.py"":""4b37ff54d32db9b70c311ee5f70a70eeddd120d611b5c1fc323b19d7248087df"",""src/extract_bench/inference/providers/extract/jev/variant_hierarchical.py"":""d786f7feecbf31c06ef8099be47e57958c37280d71705e05384234eb304c3d38"",""src/extract_bench/inference/providers/extract/jev/variant_hybrid.py"":""846b51de513c32a0af92e981da99119840b8ebaa3604912d144459f8617a3cda"",""src/extract_bench/inference/providers/extract/jev/variant_localized.py"":""9739b688b0c6298c84a453bd37a17622854dff66031584fa4007b872183c1f32"",""src/extract_bench/inference/providers/extract/jev/variant_multipage.py"":""8039f13cb57506671951878d63a32c0dd3a4c123c87f649a0a48ab0662e85818"",""src/extract_bench/inference/providers/extract/jev/variant_rowrepair.py"":""6aa926f26e5296a953e7c6ac7a3a57c2bf3d2b2f2002ab40a20dc7686067a32e"",""src/extract_bench/inference/providers/extract/jev/variant_tables.py"":""540a3c3f382eec8115c50bf05a4e726c9453e378828cefbf359ea7c380a55c95"",""src/extract_bench/inference/providers/extract/jev_provider.py"":""9e4cc23e3c939b64c5285033ad53b321fa15f95e0906cf9b61043ee80bc641c3"",""src/extract_bench/inference/providers/extract/table_codegen/schema_utils.py"":""0d142666f01b497c2b17beba54200f2b3f9efeba92c7ee51ec90b6bd1543f075""}","{""pdf_sha256"":""0aacb98fdb9ee986940f4b1c348f403acfaa42d32621a22909c6f3abb0f75f8f"",""schema_sha256"":""9c44694c086d54a67e6f397dc2ed9f7c103738a4de5811d0395bba71a6261338""}",91dbedf95eb50ee055d7cba4c4c5d5bfd9ffa3d89f4baf9fab817cc108b8a7e7,d5e44037fe04213660a46fa5831eb791680477b69a02f0e7b6a722ec2a9f8700,0.4601235324330474,0.35,0.35,0.35,0.35,1.0,0.0,0.0,0.0,0.0,0.0,0.0,,,,,0.25,0.2857142857142857,0.47619047619047616,,,,0.6666666666666666,1.0,0.5,0.45,0.45,0.45
compact,ccc_online_0012_chubb_dodge_durango_corrupted,dev,medium,17,typesafe/jev-1.13,2.14.4,0.006032166,21,,,"{""learning/jev/run.py"":""17069eac4359c20ce119c195dcc937028f6dc6806cd5ed94d77fd43afcaf2a80"",""src/extract_bench/inference/providers/extract/jev/__init__.py"":""56172964a8506bc66b4cf6917d105c52425ef080f644d107e72e1ad0fbc4d25b"",""src/extract_bench/inference/providers/extract/jev/citations.py"":""4144e688671ea5cacf65bfc08e94760cabb8f2edd203b378cdbf66ca9bcb510e"",""src/extract_bench/inference/providers/extract/jev/client.py"":""beb1a61abb4b88e0c376f51442ced7df794dcaba9976c360914bef744220cd35"",""src/extract_bench/inference/providers/extract/jev/parser.py"":""bfe6db7e59a7c887901bb07c0db0a378b95342cb3f9b526b2bb435fb75486535"",""src/extract_bench/inference/providers/extract/jev/variant_anchors.py"":""f217f96ef5db468e0aa5e07047ac31528fd678174ce2112e83b4a8df8d9fbc11"",""src/extract_bench/inference/providers/extract/jev/variant_boundaries.py"":""5459a351a81ecd7629ad57d8d310f35a190cf288f551b97e09c110406413c980"",""src/extract_bench/inference/providers/extract/jev/variant_compact.py"":""2c6391fe6262f575decc967a3202b00d1d1dcbcd639fe7546dfa152a7b4fd666"",""src/extract_bench/inference/providers/extract/jev/variant_consensus.py"":""40180b7093440c4833d53472002cc172e0133de1217b77ee63d223f40206cfe8"",""src/extract_bench/inference/providers/extract/jev/variant_fields.py"":""9a21e0920e98714a567ddc9394349f7978692ed380bce208dcbfd20044104597"",""src/extract_bench/inference/providers/extract/jev/variant_geometric.py"":""4b37ff54d32db9b70c311ee5f70a70eeddd120d611b5c1fc323b19d7248087df"",""src/extract_bench/inference/providers/extract/jev/variant_hierarchical.py"":""d786f7feecbf31c06ef8099be47e57958c37280d71705e05384234eb304c3d38"",""src/extract_bench/inference/providers/extract/jev/variant_hybrid.py"":""846b51de513c32a0af92e981da99119840b8ebaa3604912d144459f8617a3cda"",""src/extract_bench/inference/providers/extract/jev/variant_localized.py"":""9739b688b0c6298c84a453bd37a17622854dff66031584fa4007b872183c1f32"",""src/extract_bench/inference/providers/extract/jev/variant_multipage.py"":""8039f13cb57506671951878d63a32c0dd3a4c123c87f649a0a48ab0662e85818"",""src/extract_bench/inference/providers/extract/jev/variant_rowrepair.py"":""6aa926f26e5296a953e7c6ac7a3a57c2bf3d2b2f2002ab40a20dc7686067a32e"",""src/extract_bench/inference/providers/extract/jev/variant_tables.py"":""540a3c3f382eec8115c50bf05a4e726c9453e378828cefbf359ea7c380a55c95"",""src/extract_bench/inference/providers/extract/jev_provider.py"":""9e4cc23e3c939b64c5285033ad53b321fa15f95e0906cf9b61043ee80bc641c3"",""src/extract_bench/inference/providers/extract/table_codegen/schema_utils.py"":""0d142666f01b497c2b17beba54200f2b3f9efeba92c7ee51ec90b6bd1543f075""}","{""pdf_sha256"":""3b36e3cc0c65b1bfa82bc668ac92ea4c7b0bd40fb42640cd155af4877157cba1"",""schema_sha256"":""97bc56fc0019939b8f89e45349601a7d6962f7f15b962b6ed32b8aa0c43e1939""}",060d55bb6de86d3fbb0fcbdd761b2e940188b714d003dfd1e08c03f9a7fd81a3,e02ad6ebd8b27b026fb680061998d37a205801b8384478f602bd5546a91cd79a,0.17000483192434804,0.1951219512195122,0.23529411764705882,0.2962962962962963,0.1951219512195122,0.3888888888888889,0.0,0.0,0.0,0.0,0.0,0.0,,,,,0.0,0.06349206349206349,0.2222222222222222,,,,0.0,0.0,0.0,0.23529411764705882,0.2962962962962963,0.1951219512195122
compact,cfpb_closing-disclosure_filled-sample_corrupted,dev,short,5,typesafe/jev-1.13,2.14.4,0.011202702000000002,43,,,"{""learning/jev/run.py"":""17069eac4359c20ce119c195dcc937028f6dc6806cd5ed94d77fd43afcaf2a80"",""src/extract_bench/inference/providers/extract/jev/__init__.py"":""56172964a8506bc66b4cf6917d105c52425ef080f644d107e72e1ad0fbc4d25b"",""src/extract_bench/inference/providers/extract/jev/citations.py"":""4144e688671ea5cacf65bfc08e94760cabb8f2edd203b378cdbf66ca9bcb510e"",""src/extract_bench/inference/providers/extract/jev/client.py"":""beb1a61abb4b88e0c376f51442ced7df794dcaba9976c360914bef744220cd35"",""src/extract_bench/inference/providers/extract/jev/parser.py"":""bfe6db7e59a7c887901bb07c0db0a378b95342cb3f9b526b2bb435fb75486535"",""src/extract_bench/inference/providers/extract/jev/variant_anchors.py"":""f217f96ef5db468e0aa5e07047ac31528fd678174ce2112e83b4a8df8d9fbc11"",""src/extract_bench/inference/providers/extract/jev/variant_boundaries.py"":""5459a351a81ecd7629ad57d8d310f35a190cf288f551b97e09c110406413c980"",""src/extract_bench/inference/providers/extract/jev/variant_compact.py"":""2c6391fe6262f575decc967a3202b00d1d1dcbcd639fe7546dfa152a7b4fd666"",""src/extract_bench/inference/providers/extract/jev/variant_consensus.py"":""40180b7093440c4833d53472002cc172e0133de1217b77ee63d223f40206cfe8"",""src/extract_bench/inference/providers/extract/jev/variant_fields.py"":""9a21e0920e98714a567ddc9394349f7978692ed380bce208dcbfd20044104597"",""src/extract_bench/inference/providers/extract/jev/variant_geometric.py"":""4b37ff54d32db9b70c311ee5f70a70eeddd120d611b5c1fc323b19d7248087df"",""src/extract_bench/inference/providers/extract/jev/variant_hierarchical.py"":""d786f7feecbf31c06ef8099be47e57958c37280d71705e05384234eb304c3d38"",""src/extract_bench/inference/providers/extract/jev/variant_hybrid.py"":""846b51de513c32a0af92e981da99119840b8ebaa3604912d144459f8617a3cda"",""src/extract_bench/inference/providers/extract/jev/variant_localized.py"":""9739b688b0c6298c84a453bd37a17622854dff66031584fa4007b872183c1f32"",""src/extract_bench/inference/providers/extract/jev/variant_multipage.py"":""8039f13cb57506671951878d63a32c0dd3a4c123c87f649a0a48ab0662e85818"",""src/extract_bench/inference/providers/extract/jev/variant_rowrepair.py"":""6aa926f26e5296a953e7c6ac7a3a57c2bf3d2b2f2002ab40a20dc7686067a32e"",""src/extract_bench/inference/providers/extract/jev/variant_tables.py"":""540a3c3f382eec8115c50bf05a4e726c9453e378828cefbf359ea7c380a55c95"",""src/extract_bench/inference/providers/extract/jev_provider.py"":""781453b5d5c60369753619978b30f1f8285064cbe1499ee0474f182f95974bfd"",""src/extract_bench/inference/providers/extract/table_codegen/schema_utils.py"":""0d142666f01b497c2b17beba54200f2b3f9efeba92c7ee51ec90b6bd1543f075""}","{""pdf_sha256"":""257964ee735970ddf25d6dd56b3e34af80fcca8c473f9cc79eb8388ea253bc7b"",""schema_sha256"":""166b66fcdeba068088c5d867c232204bbff04cd0b3bac9badabaa4f95e0d655e""}",88bb5ff0b0186978b5cbcfcb76b751f2ca296f91f7346bb297e7a6a365190c85,e9fec77d13de924efea128d313dd0ddd03a9d3667a4bb7c9a54458d66d8c7e61,0.1259708993568102,0.13225806451612904,0.20098039215686278,0.41836734693877553,0.13225806451612904,0.3157894736842105,0.0,0.0,0.0,0.0,0.0,0.0,,,,,0.0,0.03194888178913738,0.16932907348242812,,,,,,,0.20098039215686278,0.41836734693877553,0.13225806451612904
compact,gsa_mas_it_labor_0010,dev,medium,15,typesafe/jev-1.13,2.14.4,0.001528002,4,,,"{""learning/jev/run.py"":""17069eac4359c20ce119c195dcc937028f6dc6806cd5ed94d77fd43afcaf2a80"",""src/extract_bench/inference/providers/extract/jev/__init__.py"":""56172964a8506bc66b4cf6917d105c52425ef080f644d107e72e1ad0fbc4d25b"",""src/extract_bench/inference/providers/extract/jev/citations.py"":""4144e688671ea5cacf65bfc08e94760cabb8f2edd203b378cdbf66ca9bcb510e"",""src/extract_bench/inference/providers/extract/jev/client.py"":""beb1a61abb4b88e0c376f51442ced7df794dcaba9976c360914bef744220cd35"",""src/extract_bench/inference/providers/extract/jev/parser.py"":""bfe6db7e59a7c887901bb07c0db0a378b95342cb3f9b526b2bb435fb75486535"",""src/extract_bench/inference/providers/extract/jev/variant_anchors.py"":""f217f96ef5db468e0aa5e07047ac31528fd678174ce2112e83b4a8df8d9fbc11"",""src/extract_bench/inference/providers/extract/jev/variant_boundaries.py"":""5459a351a81ecd7629ad57d8d310f35a190cf288f551b97e09c110406413c980"",""src/extract_bench/inference/providers/extract/jev/variant_compact.py"":""2c6391fe6262f575decc967a3202b00d1d1dcbcd639fe7546dfa152a7b4fd666"",""src/extract_bench/inference/providers/extract/jev/variant_consensus.py"":""40180b7093440c4833d53472002cc172e0133de1217b77ee63d223f40206cfe8"",""src/extract_bench/inference/providers/extract/jev/variant_fields.py"":""9a21e0920e98714a567ddc9394349f7978692ed380bce208dcbfd20044104597"",""src/extract_bench/inference/providers/extract/jev/variant_geometric.py"":""4b37ff54d32db9b70c311ee5f70a70eeddd120d611b5c1fc323b19d7248087df"",""src/extract_bench/inference/providers/extract/jev/variant_hierarchical.py"":""d786f7feecbf31c06ef8099be47e57958c37280d71705e05384234eb304c3d38"",""src/extract_bench/inference/providers/extract/jev/variant_hybrid.py"":""846b51de513c32a0af92e981da99119840b8ebaa3604912d144459f8617a3cda"",""src/extract_bench/inference/providers/extract/jev/variant_localized.py"":""9739b688b0c6298c84a453bd37a17622854dff66031584fa4007b872183c1f32"",""src/extract_bench/inference/providers/extract/jev/variant_multipage.py"":""8039f13cb57506671951878d63a32c0dd3a4c123c87f649a0a48ab0662e85818"",""src/extract_bench/inference/providers/extract/jev/variant_rowrepair.py"":""6aa926f26e5296a953e7c6ac7a3a57c2bf3d2b2f2002ab40a20dc7686067a32e"",""src/extract_bench/inference/providers/extract/jev/variant_tables.py"":""540a3c3f382eec8115c50bf05a4e726c9453e378828cefbf359ea7c380a55c95"",""src/extract_bench/inference/providers/extract/jev_provider.py"":""9e4cc23e3c939b64c5285033ad53b321fa15f95e0906cf9b61043ee80bc641c3"",""src/extract_bench/inference/providers/extract/table_codegen/schema_utils.py"":""0d142666f01b497c2b17beba54200f2b3f9efeba92c7ee51ec90b6bd1543f075""}","{""pdf_sha256"":""f635fa705077b35a36859509c0094cf6a17f1bd6d29c830bced79183ddc3be58"",""schema_sha256"":""27a32c93f440da9aaa09878c85e8185c47eef79f2d42843d4ff878498bf7a573""}",f8224ce72f7bee7f135cf646c8b71fccabfca7966b0fb69f7ee3668da592cbe2,d0c7faecc8b813df28eaa0ebac996512687e56548cb5f46eb2f0f9ab0b053c6d,0.04764309764309764,0.42424242424242425,0.4242424242424243,0.42424242424242425,0.42424242424242425,1.0,0.0,0.0,0.0,0.0,0.0,0.0,,,,,0.0,0.0,0.48484848484848486,,,,,,,0.4242424242424243,0.42424242424242425,0.42424242424242425
compact,mcdonalds_receipt_chicago_documentcloud,dev,short,1,typesafe/jev-1.13,2.14.4,0.0016607220000000003,8,,,"{""learning/jev/run.py"":""17069eac4359c20ce119c195dcc937028f6dc6806cd5ed94d77fd43afcaf2a80"",""src/extract_bench/inference/providers/extract/jev/__init__.py"":""56172964a8506bc66b4cf6917d105c52425ef080f644d107e72e1ad0fbc4d25b"",""src/extract_bench/inference/providers/extract/jev/citations.py"":""4144e688671ea5cacf65bfc08e94760cabb8f2edd203b378cdbf66ca9bcb510e"",""src/extract_bench/inference/providers/extract/jev/client.py"":""beb1a61abb4b88e0c376f51442ced7df794dcaba9976c360914bef744220cd35"",""src/extract_bench/inference/providers/extract/jev/parser.py"":""bfe6db7e59a7c887901bb07c0db0a378b95342cb3f9b526b2bb435fb75486535"",""src/extract_bench/inference/providers/extract/jev/variant_anchors.py"":""b92c84f0acdf53d8dd0097a6ac2d8f6aa65c493b5250dddf51dcbcf675034ae7"",""src/extract_bench/inference/providers/extract/jev/variant_boundaries.py"":""5459a351a81ecd7629ad57d8d310f35a190cf288f551b97e09c110406413c980"",""src/extract_bench/inference/providers/extract/jev/variant_compact.py"":""2c6391fe6262f575decc967a3202b00d1d1dcbcd639fe7546dfa152a7b4fd666"",""src/extract_bench/inference/providers/extract/jev/variant_consensus.py"":""40180b7093440c4833d53472002cc172e0133de1217b77ee63d223f40206cfe8"",""src/extract_bench/inference/providers/extract/jev/variant_fields.py"":""9a21e0920e98714a567ddc9394349f7978692ed380bce208dcbfd20044104597"",""src/extract_bench/inference/providers/extract/jev/variant_geometric.py"":""4b37ff54d32db9b70c311ee5f70a70eeddd120d611b5c1fc323b19d7248087df"",""src/extract_bench/inference/providers/extract/jev/variant_hierarchical.py"":""d786f7feecbf31c06ef8099be47e57958c37280d71705e05384234eb304c3d38"",""src/extract_bench/inference/providers/extract/jev/variant_hybrid.py"":""846b51de513c32a0af92e981da99119840b8ebaa3604912d144459f8617a3cda"",""src/extract_bench/inference/providers/extract/jev/variant_localized.py"":""9739b688b0c6298c84a453bd37a17622854dff66031584fa4007b872183c1f32"",""src/extract_bench/inference/providers/extract/jev/variant_multipage.py"":""8039f13cb57506671951878d63a32c0dd3a4c123c87f649a0a48ab0662e85818"",""src/extract_bench/inference/providers/extract/jev/variant_rowrepair.py"":""6aa926f26e5296a953e7c6ac7a3a57c2bf3d2b2f2002ab40a20dc7686067a32e"",""src/extract_bench/inference/providers/extract/jev/variant_tables.py"":""540a3c3f382eec8115c50bf05a4e726c9453e378828cefbf359ea7c380a55c95"",""src/extract_bench/inference/providers/extract/jev_provider.py"":""781453b5d5c60369753619978b30f1f8285064cbe1499ee0474f182f95974bfd"",""src/extract_bench/inference/providers/extract/table_codegen/schema_utils.py"":""0d142666f01b497c2b17beba54200f2b3f9efeba92c7ee51ec90b6bd1543f075""}","{""pdf_sha256"":""7733dfb56fe7f3b58d5f9070463d1f9341a44794f871c5aaacccb6278ac5ddd6"",""schema_sha256"":""0b8525756617e8df86ef0599fb3b7b4a3c81a9cab45d9e6dd38fe11c51473d84""}",14e806f0111396cd8adcd15d991c21b04bbb008f646d60cceee4b4a21e0a705f,18d1595dbbd4258df0dbff75a836616bbd363fadc5fb368f3f5c3b96766b01cd,0.21284503793889456,0.39215686274509803,0.4166666666666667,0.4444444444444444,0.39215686274509803,0.8333333333333334,0.0,0.0,0.0,0.0,0.0,0.0,,,,,0.0,0.18181818181818182,0.38181818181818183,,,,,,,0.4313725490196078,0.4583333333333333,0.4074074074074074
compact,ms_medicaid_ra_adjustments_corrupted,dev,short,4,typesafe/jev-1.13,2.14.4,0.001118628,4,,,"{""learning/jev/run.py"":""17069eac4359c20ce119c195dcc937028f6dc6806cd5ed94d77fd43afcaf2a80"",""src/extract_bench/inference/providers/extract/jev/__init__.py"":""56172964a8506bc66b4cf6917d105c52425ef080f644d107e72e1ad0fbc4d25b"",""src/extract_bench/inference/providers/extract/jev/citations.py"":""4144e688671ea5cacf65bfc08e94760cabb8f2edd203b378cdbf66ca9bcb510e"",""src/extract_bench/inference/providers/extract/jev/client.py"":""beb1a61abb4b88e0c376f51442ced7df794dcaba9976c360914bef744220cd35"",""src/extract_bench/inference/providers/extract/jev/parser.py"":""bfe6db7e59a7c887901bb07c0db0a378b95342cb3f9b526b2bb435fb75486535"",""src/extract_bench/inference/providers/extract/jev/variant_anchors.py"":""f217f96ef5db468e0aa5e07047ac31528fd678174ce2112e83b4a8df8d9fbc11"",""src/extract_bench/inference/providers/extract/jev/variant_boundaries.py"":""5459a351a81ecd7629ad57d8d310f35a190cf288f551b97e09c110406413c980"",""src/extract_bench/inference/providers/extract/jev/variant_compact.py"":""2c6391fe6262f575decc967a3202b00d1d1dcbcd639fe7546dfa152a7b4fd666"",""src/extract_bench/inference/providers/extract/jev/variant_consensus.py"":""40180b7093440c4833d53472002cc172e0133de1217b77ee63d223f40206cfe8"",""src/extract_bench/inference/providers/extract/jev/variant_fields.py"":""9a21e0920e98714a567ddc9394349f7978692ed380bce208dcbfd20044104597"",""src/extract_bench/inference/providers/extract/jev/variant_geometric.py"":""4b37ff54d32db9b70c311ee5f70a70eeddd120d611b5c1fc323b19d7248087df"",""src/extract_bench/inference/providers/extract/jev/variant_hierarchical.py"":""d786f7feecbf31c06ef8099be47e57958c37280d71705e05384234eb304c3d38"",""src/extract_bench/inference/providers/extract/jev/variant_hybrid.py"":""846b51de513c32a0af92e981da99119840b8ebaa3604912d144459f8617a3cda"",""src/extract_bench/inference/providers/extract/jev/variant_localized.py"":""9739b688b0c6298c84a453bd37a17622854dff66031584fa4007b872183c1f32"",""src/extract_bench/inference/providers/extract/jev/variant_multipage.py"":""8039f13cb57506671951878d63a32c0dd3a4c123c87f649a0a48ab0662e85818"",""src/extract_bench/inference/providers/extract/jev/variant_rowrepair.py"":""6aa926f26e5296a953e7c6ac7a3a57c2bf3d2b2f2002ab40a20dc7686067a32e"",""src/extract_bench/inference/providers/extract/jev/variant_tables.py"":""540a3c3f382eec8115c50bf05a4e726c9453e378828cefbf359ea7c380a55c95"",""src/extract_bench/inference/providers/extract/jev_provider.py"":""781453b5d5c60369753619978b30f1f8285064cbe1499ee0474f182f95974bfd"",""src/extract_bench/inference/providers/extract/table_codegen/schema_utils.py"":""0d142666f01b497c2b17beba54200f2b3f9efeba92c7ee51ec90b6bd1543f075""}","{""pdf_sha256"":""9b17b95061663faaa627a2fb38558cc2a4e030a7e9669755b1e0e2792a83bf4e"",""schema_sha256"":""13eaa707b5ac17f2c0deef4667980b1ee49b2113f51f1c5eabdf266e4b1b5db5""}",b0af75097100d21dfb8947b0803661901899fcf5e0744083b4d82a8a67b54eaa,6f5605e1bb24b7399eb5632830bcfff36ed63e08b10bb0e91fb35625a55cdea7,0.03955375253549697,0.22413793103448276,0.18571428571428572,0.15853658536585366,0.22413793103448276,1.4,0.0,0.0,0.0,0.0,0.0,0.0,,,,,0.0,0.14754098360655737,0.19672131147540983,,,,,,,0.18571428571428572,0.15853658536585366,0.22413793103448276
compact,sec_13f_0026_brown_brothers_harriman,dev,long,55,typesafe/jev-1.13,2.14.4,0.0011551679999999998,3,,,"{""learning/jev/run.py"":""17069eac4359c20ce119c195dcc937028f6dc6806cd5ed94d77fd43afcaf2a80"",""src/extract_bench/inference/providers/extract/jev/__init__.py"":""56172964a8506bc66b4cf6917d105c52425ef080f644d107e72e1ad0fbc4d25b"",""src/extract_bench/inference/providers/extract/jev/citations.py"":""4144e688671ea5cacf65bfc08e94760cabb8f2edd203b378cdbf66ca9bcb510e"",""src/extract_bench/inference/providers/extract/jev/client.py"":""beb1a61abb4b88e0c376f51442ced7df794dcaba9976c360914bef744220cd35"",""src/extract_bench/inference/providers/extract/jev/parser.py"":""bfe6db7e59a7c887901bb07c0db0a378b95342cb3f9b526b2bb435fb75486535"",""src/extract_bench/inference/providers/extract/jev/variant_anchors.py"":""f217f96ef5db468e0aa5e07047ac31528fd678174ce2112e83b4a8df8d9fbc11"",""src/extract_bench/inference/providers/extract/jev/variant_boundaries.py"":""5459a351a81ecd7629ad57d8d310f35a190cf288f551b97e09c110406413c980"",""src/extract_bench/inference/providers/extract/jev/variant_compact.py"":""2c6391fe6262f575decc967a3202b00d1d1dcbcd639fe7546dfa152a7b4fd666"",""src/extract_bench/inference/providers/extract/jev/variant_consensus.py"":""40180b7093440c4833d53472002cc172e0133de1217b77ee63d223f40206cfe8"",""src/extract_bench/inference/providers/extract/jev/variant_fields.py"":""9a21e0920e98714a567ddc9394349f7978692ed380bce208dcbfd20044104597"",""src/extract_bench/inference/providers/extract/jev/variant_geometric.py"":""4b37ff54d32db9b70c311ee5f70a70eeddd120d611b5c1fc323b19d7248087df"",""src/extract_bench/inference/providers/extract/jev/variant_hierarchical.py"":""d786f7feecbf31c06ef8099be47e57958c37280d71705e05384234eb304c3d38"",""src/extract_bench/inference/providers/extract/jev/variant_hybrid.py"":""846b51de513c32a0af92e981da99119840b8ebaa3604912d144459f8617a3cda"",""src/extract_bench/inference/providers/extract/jev/variant_localized.py"":""9739b688b0c6298c84a453bd37a17622854dff66031584fa4007b872183c1f32"",""src/extract_bench/inference/providers/extract/jev/variant_multipage.py"":""8039f13cb57506671951878d63a32c0dd3a4c123c87f649a0a48ab0662e85818"",""src/extract_bench/inference/providers/extract/jev/variant_rowrepair.py"":""6aa926f26e5296a953e7c6ac7a3a57c2bf3d2b2f2002ab40a20dc7686067a32e"",""src/extract_bench/inference/providers/extract/jev/variant_tables.py"":""540a3c3f382eec8115c50bf05a4e726c9453e378828cefbf359ea7c380a55c95"",""src/extract_bench/inference/providers/extract/jev_provider.py"":""9e4cc23e3c939b64c5285033ad53b321fa15f95e0906cf9b61043ee80bc641c3"",""src/extract_bench/inference/providers/extract/table_codegen/schema_utils.py"":""0d142666f01b497c2b17beba54200f2b3f9efeba92c7ee51ec90b6bd1543f075""}","{""pdf_sha256"":""4787d70ca373866d0e595f923c9305d0759e63f7dd7128e070b78efbf3632283"",""schema_sha256"":""213162a02c73274888105e01841954b374bf7e76f4b89a13bd4012e54d267862""}",9154b4efcfd75598f75e254c9c50dbee541e7bfc24ee654550d135aa8f4d086b,132ed046f4d7d11f7330d92448c40ece21787853894bddaea6001032c91258c0,4.348204191668841e-05,5.1387461459403907e-05,0.00010276964184779817,1.0,5.1387461459403907e-05,0.0,0.0,0.0,0.0,0.0,0.0,0.0,0.0,0.0,0.0,0.0,0.0,0.0,4.348204191668841e-05,0.0,0.0,0.0,0.0,0.0,0.0,8.696030262185313e-05,1.0,4.348204191668841e-05
compact,utah_fleet_rate_schedule_fy2024,dev,short,2,typesafe/jev-1.13,2.14.4,0.000794094,4,,,"{""learning/jev/run.py"":""17069eac4359c20ce119c195dcc937028f6dc6806cd5ed94d77fd43afcaf2a80"",""src/extract_bench/inference/providers/extract/jev/__init__.py"":""56172964a8506bc66b4cf6917d105c52425ef080f644d107e72e1ad0fbc4d25b"",""src/extract_bench/inference/providers/extract/jev/citations.py"":""4144e688671ea5cacf65bfc08e94760cabb8f2edd203b378cdbf66ca9bcb510e"",""src/extract_bench/inference/providers/extract/jev/client.py"":""beb1a61abb4b88e0c376f51442ced7df794dcaba9976c360914bef744220cd35"",""src/extract_bench/inference/providers/extract/jev/parser.py"":""bfe6db7e59a7c887901bb07c0db0a378b95342cb3f9b526b2bb435fb75486535"",""src/extract_bench/inference/providers/extract/jev/variant_anchors.py"":""f217f96ef5db468e0aa5e07047ac31528fd678174ce2112e83b4a8df8d9fbc11"",""src/extract_bench/inference/providers/extract/jev/variant_boundaries.py"":""5459a351a81ecd7629ad57d8d310f35a190cf288f551b97e09c110406413c980"",""src/extract_bench/inference/providers/extract/jev/variant_compact.py"":""2c6391fe6262f575decc967a3202b00d1d1dcbcd639fe7546dfa152a7b4fd666"",""src/extract_bench/inference/providers/extract/jev/variant_consensus.py"":""40180b7093440c4833d53472002cc172e0133de1217b77ee63d223f40206cfe8"",""src/extract_bench/inference/providers/extract/jev/variant_fields.py"":""9a21e0920e98714a567ddc9394349f7978692ed380bce208dcbfd20044104597"",""src/extract_bench/inference/providers/extract/jev/variant_geometric.py"":""4b37ff54d32db9b70c311ee5f70a70eeddd120d611b5c1fc323b19d7248087df"",""src/extract_bench/inference/providers/extract/jev/variant_hierarchical.py"":""d786f7feecbf31c06ef8099be47e57958c37280d71705e05384234eb304c3d38"",""src/extract_bench/inference/providers/extract/jev/variant_hybrid.py"":""846b51de513c32a0af92e981da99119840b8ebaa3604912d144459f8617a3cda"",""src/extract_bench/inference/providers/extract/jev/variant_localized.py"":""9739b688b0c6298c84a453bd37a17622854dff66031584fa4007b872183c1f32"",""src/extract_bench/inference/providers/extract/jev/variant_multipage.py"":""8039f13cb57506671951878d63a32c0dd3a4c123c87f649a0a48ab0662e85818"",""src/extract_bench/inference/providers/extract/jev/variant_rowrepair.py"":""6aa926f26e5296a953e7c6ac7a3a57c2bf3d2b2f2002ab40a20dc7686067a32e"",""src/extract_bench/inference/providers/extract/jev/variant_tables.py"":""540a3c3f382eec8115c50bf05a4e726c9453e378828cefbf359ea7c380a55c95"",""src/extract_bench/inference/providers/extract/jev_provider.py"":""781453b5d5c60369753619978b30f1f8285064cbe1499ee0474f182f95974bfd"",""src/extract_bench/inference/providers/extract/table_codegen/schema_utils.py"":""0d142666f01b497c2b17beba54200f2b3f9efeba92c7ee51ec90b6bd1543f075""}","{""pdf_sha256"":""0b3841123954a66b6eec5cc0cd75c42c58910e6ac0558a65bdb21591af6bcc30"",""schema_sha256"":""8d2100fb3b42f63411a8a3e12b615f0247d4b2b50331a715a4fa980a6b54b23c""}",2d841a16fdcbfd1fd9298e70ae528c68c59c95a80cba3c86f7dd99c79674e408,8ef1889ba8e7aa650cfb53a83d37016a7b6e42acef3c1abc9623dab658cbc763,0.1498847926267281,0.1411764705882353,0.2181818181818182,0.48,0.1411764705882353,0.2857142857142857,0.0,0.0,0.0,0.0,0.0,0.0,,,,,0.0,0.0,0.15204678362573099,,,,,,,0.22727272727272727,0.5,0.14705882352941177
consensus,07021-2016-p0018,dev,short,1,typesafe/jev-1.13,2.14.4,0.009496200000000003,26,,,"{""learning/jev/run.py"":""17069eac4359c20ce119c195dcc937028f6dc6806cd5ed94d77fd43afcaf2a80"",""src/extract_bench/inference/providers/extract/jev/__init__.py"":""56172964a8506bc66b4cf6917d105c52425ef080f644d107e72e1ad0fbc4d25b"",""src/extract_bench/inference/providers/extract/jev/citations.py"":""4144e688671ea5cacf65bfc08e94760cabb8f2edd203b378cdbf66ca9bcb510e"",""src/extract_bench/inference/providers/extract/jev/client.py"":""beb1a61abb4b88e0c376f51442ced7df794dcaba9976c360914bef744220cd35"",""src/extract_bench/inference/providers/extract/jev/parser.py"":""bfe6db7e59a7c887901bb07c0db0a378b95342cb3f9b526b2bb435fb75486535"",""src/extract_bench/inference/providers/extract/jev/variant_anchors.py"":""b92c84f0acdf53d8dd0097a6ac2d8f6aa65c493b5250dddf51dcbcf675034ae7"",""src/extract_bench/inference/providers/extract/jev/variant_boundaries.py"":""5459a351a81ecd7629ad57d8d310f35a190cf288f551b97e09c110406413c980"",""src/extract_bench/inference/providers/extract/jev/variant_compact.py"":""2c6391fe6262f575decc967a3202b00d1d1dcbcd639fe7546dfa152a7b4fd666"",""src/extract_bench/inference/providers/extract/jev/variant_consensus.py"":""40180b7093440c4833d53472002cc172e0133de1217b77ee63d223f40206cfe8"",""src/extract_bench/inference/providers/extract/jev/variant_fields.py"":""9a21e0920e98714a567ddc9394349f7978692ed380bce208dcbfd20044104597"",""src/extract_bench/inference/providers/extract/jev/variant_geometric.py"":""4b37ff54d32db9b70c311ee5f70a70eeddd120d611b5c1fc323b19d7248087df"",""src/extract_bench/inference/providers/extract/jev/variant_hierarchical.py"":""d786f7feecbf31c06ef8099be47e57958c37280d71705e05384234eb304c3d38"",""src/extract_bench/inference/providers/extract/jev/variant_hybrid.py"":""846b51de513c32a0af92e981da99119840b8ebaa3604912d144459f8617a3cda"",""src/extract_bench/inference/providers/extract/jev/variant_localized.py"":""9739b688b0c6298c84a453bd37a17622854dff66031584fa4007b872183c1f32"",""src/extract_bench/inference/providers/extract/jev/variant_multipage.py"":""8039f13cb57506671951878d63a32c0dd3a4c123c87f649a0a48ab0662e85818"",""src/extract_bench/inference/providers/extract/jev/variant_rowrepair.py"":""6aa926f26e5296a953e7c6ac7a3a57c2bf3d2b2f2002ab40a20dc7686067a32e"",""src/extract_bench/inference/providers/extract/jev/variant_tables.py"":""540a3c3f382eec8115c50bf05a4e726c9453e378828cefbf359ea7c380a55c95"",""src/extract_bench/inference/providers/extract/jev_provider.py"":""781453b5d5c60369753619978b30f1f8285064cbe1499ee0474f182f95974bfd"",""src/extract_bench/inference/providers/extract/table_codegen/schema_utils.py"":""0d142666f01b497c2b17beba54200f2b3f9efeba92c7ee51ec90b6bd1543f075""}","{""pdf_sha256"":""e667acf072151b34ddaee54965db1c838855019efce443d610c826b21472cdb5"",""schema_sha256"":""30623361bad97ee66e685ddc8d0e859150ec2019b914757799140b776e80938a""}",b08c4f0a63ce0f4afec6d6bd87bb769e6af619780030271cb10c3c7dc8cb4198,561048108bd762407abb369c8d18dfda73b8e904e7d80d57abc7e68ea8b92879,0.42198466352379504,0.44680851063829785,0.4375,0.42857142857142855,0.44680851063829785,1.5,0.0,0.0,0.0,0.0,0.0,0.0,0.08244112248275967,0.0,0.07407407407407407,0.0,0.2,0.10344827586206896,0.20689655172413793,0.0,0.0,0.0,0.09523809523809523,0.13333333333333333,0.07407407407407407,0.4375,0.42857142857142855,0.44680851063829785
consensus,H9-53-59_60,dev,short,1,typesafe/jev-1.13,2.14.4,0.007700447999999998,34,,,"{""learning/jev/run.py"":""17069eac4359c20ce119c195dcc937028f6dc6806cd5ed94d77fd43afcaf2a80"",""src/extract_bench/inference/providers/extract/jev/__init__.py"":""56172964a8506bc66b4cf6917d105c52425ef080f644d107e72e1ad0fbc4d25b"",""src/extract_bench/inference/providers/extract/jev/citations.py"":""4144e688671ea5cacf65bfc08e94760cabb8f2edd203b378cdbf66ca9bcb510e"",""src/extract_bench/inference/providers/extract/jev/client.py"":""beb1a61abb4b88e0c376f51442ced7df794dcaba9976c360914bef744220cd35"",""src/extract_bench/inference/providers/extract/jev/parser.py"":""bfe6db7e59a7c887901bb07c0db0a378b95342cb3f9b526b2bb435fb75486535"",""src/extract_bench/inference/providers/extract/jev/variant_anchors.py"":""b92c84f0acdf53d8dd0097a6ac2d8f6aa65c493b5250dddf51dcbcf675034ae7"",""src/extract_bench/inference/providers/extract/jev/variant_boundaries.py"":""5459a351a81ecd7629ad57d8d310f35a190cf288f551b97e09c110406413c980"",""src/extract_bench/inference/providers/extract/jev/variant_compact.py"":""2c6391fe6262f575decc967a3202b00d1d1dcbcd639fe7546dfa152a7b4fd666"",""src/extract_bench/inference/providers/extract/jev/variant_consensus.py"":""40180b7093440c4833d53472002cc172e0133de1217b77ee63d223f40206cfe8"",""src/extract_bench/inference/providers/extract/jev/variant_fields.py"":""9a21e0920e98714a567ddc9394349f7978692ed380bce208dcbfd20044104597"",""src/extract_bench/inference/providers/extract/jev/variant_geometric.py"":""4b37ff54d32db9b70c311ee5f70a70eeddd120d611b5c1fc323b19d7248087df"",""src/extract_bench/inference/providers/extract/jev/variant_hierarchical.py"":""d786f7feecbf31c06ef8099be47e57958c37280d71705e05384234eb304c3d38"",""src/extract_bench/inference/providers/extract/jev/variant_hybrid.py"":""846b51de513c32a0af92e981da99119840b8ebaa3604912d144459f8617a3cda"",""src/extract_bench/inference/providers/extract/jev/variant_localized.py"":""9739b688b0c6298c84a453bd37a17622854dff66031584fa4007b872183c1f32"",""src/extract_bench/inference/providers/extract/jev/variant_multipage.py"":""8039f13cb57506671951878d63a32c0dd3a4c123c87f649a0a48ab0662e85818"",""src/extract_bench/inference/providers/extract/jev/variant_rowrepair.py"":""6aa926f26e5296a953e7c6ac7a3a57c2bf3d2b2f2002ab40a20dc7686067a32e"",""src/extract_bench/inference/providers/extract/jev/variant_tables.py"":""540a3c3f382eec8115c50bf05a4e726c9453e378828cefbf359ea7c380a55c95"",""src/extract_bench/inference/providers/extract/jev_provider.py"":""781453b5d5c60369753619978b30f1f8285064cbe1499ee0474f182f95974bfd"",""src/extract_bench/inference/providers/extract/table_codegen/schema_utils.py"":""0d142666f01b497c2b17beba54200f2b3f9efeba92c7ee51ec90b6bd1543f075""}","{""pdf_sha256"":""3138b0b9eb5558bd7a4926da7fd6fcbe9dc6416d598bf3b8a45721151bfb28b4"",""schema_sha256"":""3ed88269aa3b306944b365be830ad89677350e0630dcc2173bad72cef7e3041a""}",feaf8d69afb575e2361484970cb5b956f41b45b39bdffe4876d3f0b2d2416116,8fdfbf1e889c1f0b8805259f313dc8352d1b4e701b19b1e5893d697d98b2417f,0.4742372457382599,0.41379310344827586,0.4285714285714286,0.4444444444444444,0.41379310344827586,0.0,0.0,0.0,0.0,0.0,0.0,0.0,0.6666606673185361,0.10831831262207066,0.17307692307692307,0.15384615384615385,0.6956521739130435,0.3392857142857143,0.6428571428571429,0.2222222222222222,0.7777777777777778,0.12962962962962962,0.37500000000000006,0.6521739130434783,0.2631578947368421,0.6428571428571429,0.6666666666666666,0.6206896551724138
consensus,P4-Historical Single Signature83-10963_5480,dev,short,1,typesafe/jev-1.13,2.14.4,0.007760423999999999,30,,,"{""learning/jev/run.py"":""17069eac4359c20ce119c195dcc937028f6dc6806cd5ed94d77fd43afcaf2a80"",""src/extract_bench/inference/providers/extract/jev/__init__.py"":""56172964a8506bc66b4cf6917d105c52425ef080f644d107e72e1ad0fbc4d25b"",""src/extract_bench/inference/providers/extract/jev/citations.py"":""4144e688671ea5cacf65bfc08e94760cabb8f2edd203b378cdbf66ca9bcb510e"",""src/extract_bench/inference/providers/extract/jev/client.py"":""beb1a61abb4b88e0c376f51442ced7df794dcaba9976c360914bef744220cd35"",""src/extract_bench/inference/providers/extract/jev/parser.py"":""bfe6db7e59a7c887901bb07c0db0a378b95342cb3f9b526b2bb435fb75486535"",""src/extract_bench/inference/providers/extract/jev/variant_anchors.py"":""b92c84f0acdf53d8dd0097a6ac2d8f6aa65c493b5250dddf51dcbcf675034ae7"",""src/extract_bench/inference/providers/extract/jev/variant_boundaries.py"":""5459a351a81ecd7629ad57d8d310f35a190cf288f551b97e09c110406413c980"",""src/extract_bench/inference/providers/extract/jev/variant_compact.py"":""2c6391fe6262f575decc967a3202b00d1d1dcbcd639fe7546dfa152a7b4fd666"",""src/extract_bench/inference/providers/extract/jev/variant_consensus.py"":""40180b7093440c4833d53472002cc172e0133de1217b77ee63d223f40206cfe8"",""src/extract_bench/inference/providers/extract/jev/variant_fields.py"":""9a21e0920e98714a567ddc9394349f7978692ed380bce208dcbfd20044104597"",""src/extract_bench/inference/providers/extract/jev/variant_geometric.py"":""4b37ff54d32db9b70c311ee5f70a70eeddd120d611b5c1fc323b19d7248087df"",""src/extract_bench/inference/providers/extract/jev/variant_hierarchical.py"":""d786f7feecbf31c06ef8099be47e57958c37280d71705e05384234eb304c3d38"",""src/extract_bench/inference/providers/extract/jev/variant_hybrid.py"":""846b51de513c32a0af92e981da99119840b8ebaa3604912d144459f8617a3cda"",""src/extract_bench/inference/providers/extract/jev/variant_localized.py"":""9739b688b0c6298c84a453bd37a17622854dff66031584fa4007b872183c1f32"",""src/extract_bench/inference/providers/extract/jev/variant_multipage.py"":""8039f13cb57506671951878d63a32c0dd3a4c123c87f649a0a48ab0662e85818"",""src/extract_bench/inference/providers/extract/jev/variant_rowrepair.py"":""6aa926f26e5296a953e7c6ac7a3a57c2bf3d2b2f2002ab40a20dc7686067a32e"",""src/extract_bench/inference/providers/extract/jev/variant_tables.py"":""540a3c3f382eec8115c50bf05a4e726c9453e378828cefbf359ea7c380a55c95"",""src/extract_bench/inference/providers/extract/jev_provider.py"":""781453b5d5c60369753619978b30f1f8285064cbe1499ee0474f182f95974bfd"",""src/extract_bench/inference/providers/extract/table_codegen/schema_utils.py"":""0d142666f01b497c2b17beba54200f2b3f9efeba92c7ee51ec90b6bd1543f075""}","{""pdf_sha256"":""91e6c084622131653977e8e0f244fe4f13dbae34c8509172948939bdc94d1076"",""schema_sha256"":""c50c32330a96e7259cd4a5a5125dbae3dacc48136407eb1882f2c5f5d2388b6c""}",f01f5e6ad2ed7901bab9e2550a596feca32717d85424e7e212af95c7ad89d942,7a14800c890072fb5469c06eb87241bc7c1e1757b3750147674a752e03392a56,0.7905685749191969,0.75,0.75,0.75,0.75,0.0,0.0,0.0,0.0,0.0,0.0,0.0,0.5281148210293469,0.06294607247984899,0.125,0.1,0.6428571428571429,0.36538461538461536,0.8076923076923077,0.13333333333333333,0.6,0.075,0.22222222222222224,0.5,0.14285714285714285,0.8076923076923077,0.8076923076923077,0.8076923076923077
consensus,W14-58509_W14 2nd sub revised,dev,short,1,typesafe/jev-1.13,2.14.4,0.040549655999999976,134,,,"{""learning/jev/run.py"":""17069eac4359c20ce119c195dcc937028f6dc6806cd5ed94d77fd43afcaf2a80"",""src/extract_bench/inference/providers/extract/jev/__init__.py"":""56172964a8506bc66b4cf6917d105c52425ef080f644d107e72e1ad0fbc4d25b"",""src/extract_bench/inference/providers/extract/jev/citations.py"":""4144e688671ea5cacf65bfc08e94760cabb8f2edd203b378cdbf66ca9bcb510e"",""src/extract_bench/inference/providers/extract/jev/client.py"":""beb1a61abb4b88e0c376f51442ced7df794dcaba9976c360914bef744220cd35"",""src/extract_bench/inference/providers/extract/jev/parser.py"":""bfe6db7e59a7c887901bb07c0db0a378b95342cb3f9b526b2bb435fb75486535"",""src/extract_bench/inference/providers/extract/jev/variant_anchors.py"":""f217f96ef5db468e0aa5e07047ac31528fd678174ce2112e83b4a8df8d9fbc11"",""src/extract_bench/inference/providers/extract/jev/variant_boundaries.py"":""5459a351a81ecd7629ad57d8d310f35a190cf288f551b97e09c110406413c980"",""src/extract_bench/inference/providers/extract/jev/variant_compact.py"":""2c6391fe6262f575decc967a3202b00d1d1dcbcd639fe7546dfa152a7b4fd666"",""src/extract_bench/inference/providers/extract/jev/variant_consensus.py"":""40180b7093440c4833d53472002cc172e0133de1217b77ee63d223f40206cfe8"",""src/extract_bench/inference/providers/extract/jev/variant_fields.py"":""9a21e0920e98714a567ddc9394349f7978692ed380bce208dcbfd20044104597"",""src/extract_bench/inference/providers/extract/jev/variant_geometric.py"":""4b37ff54d32db9b70c311ee5f70a70eeddd120d611b5c1fc323b19d7248087df"",""src/extract_bench/inference/providers/extract/jev/variant_hierarchical.py"":""d786f7feecbf31c06ef8099be47e57958c37280d71705e05384234eb304c3d38"",""src/extract_bench/inference/providers/extract/jev/variant_hybrid.py"":""846b51de513c32a0af92e981da99119840b8ebaa3604912d144459f8617a3cda"",""src/extract_bench/inference/providers/extract/jev/variant_localized.py"":""9739b688b0c6298c84a453bd37a17622854dff66031584fa4007b872183c1f32"",""src/extract_bench/inference/providers/extract/jev/variant_multipage.py"":""8039f13cb57506671951878d63a32c0dd3a4c123c87f649a0a48ab0662e85818"",""src/extract_bench/inference/providers/extract/jev/variant_rowrepair.py"":""6aa926f26e5296a953e7c6ac7a3a57c2bf3d2b2f2002ab40a20dc7686067a32e"",""src/extract_bench/inference/providers/extract/jev/variant_tables.py"":""540a3c3f382eec8115c50bf05a4e726c9453e378828cefbf359ea7c380a55c95"",""src/extract_bench/inference/providers/extract/jev_provider.py"":""781453b5d5c60369753619978b30f1f8285064cbe1499ee0474f182f95974bfd"",""src/extract_bench/inference/providers/extract/table_codegen/schema_utils.py"":""0d142666f01b497c2b17beba54200f2b3f9efeba92c7ee51ec90b6bd1543f075""}","{""pdf_sha256"":""22511db4eda31b6cba04e88fc8732c47e00d191d81cc9468c4e1366214f4901a"",""schema_sha256"":""7ad6ae99b204297b28920683d028ff9ef71b35a455b7a34a7f2363fd474d5d45""}",11b9d921ac1214ef0f8a84de3b94556178ab8780bc407fdddb5a9032f0b2bdbc,23ba521dfceeb4bdc6bd72c210fe030f587a6290e5052c1301afed9fc15101b4,0.5192378078297607,0.6769911504424779,0.703448275862069,0.7320574162679426,0.6769911504424779,0.75,0.0,0.0,0.0,0.0,0.0,0.0,0.258646155081232,0.08767393039193942,0.3523809523809524,0.2,0.746268656716418,0.5616438356164384,0.726027397260274,0.09022556390977443,0.2857142857142857,0.05357142857142857,0.3228070175438597,0.7666666666666667,0.20444444444444446,0.8045977011494253,0.8373205741626795,0.7743362831858407
consensus,baker_hughes_earnings_deck_q4fy25,dev,medium,25,typesafe/jev-1.13,2.14.4,0.0048815759999999995,11,,,"{""learning/jev/run.py"":""17069eac4359c20ce119c195dcc937028f6dc6806cd5ed94d77fd43afcaf2a80"",""src/extract_bench/inference/providers/extract/jev/__init__.py"":""56172964a8506bc66b4cf6917d105c52425ef080f644d107e72e1ad0fbc4d25b"",""src/extract_bench/inference/providers/extract/jev/citations.py"":""4144e688671ea5cacf65bfc08e94760cabb8f2edd203b378cdbf66ca9bcb510e"",""src/extract_bench/inference/providers/extract/jev/client.py"":""beb1a61abb4b88e0c376f51442ced7df794dcaba9976c360914bef744220cd35"",""src/extract_bench/inference/providers/extract/jev/parser.py"":""bfe6db7e59a7c887901bb07c0db0a378b95342cb3f9b526b2bb435fb75486535"",""src/extract_bench/inference/providers/extract/jev/variant_anchors.py"":""f217f96ef5db468e0aa5e07047ac31528fd678174ce2112e83b4a8df8d9fbc11"",""src/extract_bench/inference/providers/extract/jev/variant_boundaries.py"":""5459a351a81ecd7629ad57d8d310f35a190cf288f551b97e09c110406413c980"",""src/extract_bench/inference/providers/extract/jev/variant_compact.py"":""2c6391fe6262f575decc967a3202b00d1d1dcbcd639fe7546dfa152a7b4fd666"",""src/extract_bench/inference/providers/extract/jev/variant_consensus.py"":""40180b7093440c4833d53472002cc172e0133de1217b77ee63d223f40206cfe8"",""src/extract_bench/inference/providers/extract/jev/variant_fields.py"":""9a21e0920e98714a567ddc9394349f7978692ed380bce208dcbfd20044104597"",""src/extract_bench/inference/providers/extract/jev/variant_geometric.py"":""4b37ff54d32db9b70c311ee5f70a70eeddd120d611b5c1fc323b19d7248087df"",""src/extract_bench/inference/providers/extract/jev/variant_hierarchical.py"":""d786f7feecbf31c06ef8099be47e57958c37280d71705e05384234eb304c3d38"",""src/extract_bench/inference/providers/extract/jev/variant_hybrid.py"":""846b51de513c32a0af92e981da99119840b8ebaa3604912d144459f8617a3cda"",""src/extract_bench/inference/providers/extract/jev/variant_localized.py"":""9739b688b0c6298c84a453bd37a17622854dff66031584fa4007b872183c1f32"",""src/extract_bench/inference/providers/extract/jev/variant_multipage.py"":""8039f13cb57506671951878d63a32c0dd3a4c123c87f649a0a48ab0662e85818"",""src/extract_bench/inference/providers/extract/jev/variant_rowrepair.py"":""6aa926f26e5296a953e7c6ac7a3a57c2bf3d2b2f2002ab40a20dc7686067a32e"",""src/extract_bench/inference/providers/extract/jev/variant_tables.py"":""540a3c3f382eec8115c50bf05a4e726c9453e378828cefbf359ea7c380a55c95"",""src/extract_bench/inference/providers/extract/jev_provider.py"":""9e4cc23e3c939b64c5285033ad53b321fa15f95e0906cf9b61043ee80bc641c3"",""src/extract_bench/inference/providers/extract/table_codegen/schema_utils.py"":""0d142666f01b497c2b17beba54200f2b3f9efeba92c7ee51ec90b6bd1543f075""}","{""pdf_sha256"":""0aacb98fdb9ee986940f4b1c348f403acfaa42d32621a22909c6f3abb0f75f8f"",""schema_sha256"":""9c44694c086d54a67e6f397dc2ed9f7c103738a4de5811d0395bba71a6261338""}",08cd3fd2b3f2743b14bc4e1454bbc85e607ae9fb93b8a78ab91d4d44a37f6f31,c745d9a2c7f096e928ffba787c3198f3e6c4d49d610f714ad88f3fb0ec8d68a6,0.38888849340812665,0.3,0.3529411764705882,0.42857142857142855,0.3,0.0,0.0,0.0,0.0,0.0,0.0,0.0,,,,,0.0,0.23809523809523808,0.38095238095238093,,,,0.0,0.0,0.0,0.4117647058823529,0.5,0.35
consensus,ccc_online_0012_chubb_dodge_durango_corrupted,dev,medium,17,typesafe/jev-1.13,2.14.4,0.008419656000000001,26,,,"{""learning/jev/run.py"":""17069eac4359c20ce119c195dcc937028f6dc6806cd5ed94d77fd43afcaf2a80"",""src/extract_bench/inference/providers/extract/jev/__init__.py"":""56172964a8506bc66b4cf6917d105c52425ef080f644d107e72e1ad0fbc4d25b"",""src/extract_bench/inference/providers/extract/jev/citations.py"":""4144e688671ea5cacf65bfc08e94760cabb8f2edd203b378cdbf66ca9bcb510e"",""src/extract_bench/inference/providers/extract/jev/client.py"":""beb1a61abb4b88e0c376f51442ced7df794dcaba9976c360914bef744220cd35"",""src/extract_bench/inference/providers/extract/jev/parser.py"":""bfe6db7e59a7c887901bb07c0db0a378b95342cb3f9b526b2bb435fb75486535"",""src/extract_bench/inference/providers/extract/jev/variant_anchors.py"":""f217f96ef5db468e0aa5e07047ac31528fd678174ce2112e83b4a8df8d9fbc11"",""src/extract_bench/inference/providers/extract/jev/variant_boundaries.py"":""5459a351a81ecd7629ad57d8d310f35a190cf288f551b97e09c110406413c980"",""src/extract_bench/inference/providers/extract/jev/variant_compact.py"":""2c6391fe6262f575decc967a3202b00d1d1dcbcd639fe7546dfa152a7b4fd666"",""src/extract_bench/inference/providers/extract/jev/variant_consensus.py"":""40180b7093440c4833d53472002cc172e0133de1217b77ee63d223f40206cfe8"",""src/extract_bench/inference/providers/extract/jev/variant_fields.py"":""9a21e0920e98714a567ddc9394349f7978692ed380bce208dcbfd20044104597"",""src/extract_bench/inference/providers/extract/jev/variant_geometric.py"":""4b37ff54d32db9b70c311ee5f70a70eeddd120d611b5c1fc323b19d7248087df"",""src/extract_bench/inference/providers/extract/jev/variant_hierarchical.py"":""d786f7feecbf31c06ef8099be47e57958c37280d71705e05384234eb304c3d38"",""src/extract_bench/inference/providers/extract/jev/variant_hybrid.py"":""846b51de513c32a0af92e981da99119840b8ebaa3604912d144459f8617a3cda"",""src/extract_bench/inference/providers/extract/jev/variant_localized.py"":""9739b688b0c6298c84a453bd37a17622854dff66031584fa4007b872183c1f32"",""src/extract_bench/inference/providers/extract/jev/variant_multipage.py"":""8039f13cb57506671951878d63a32c0dd3a4c123c87f649a0a48ab0662e85818"",""src/extract_bench/inference/providers/extract/jev/variant_rowrepair.py"":""6aa926f26e5296a953e7c6ac7a3a57c2bf3d2b2f2002ab40a20dc7686067a32e"",""src/extract_bench/inference/providers/extract/jev/variant_tables.py"":""540a3c3f382eec8115c50bf05a4e726c9453e378828cefbf359ea7c380a55c95"",""src/extract_bench/inference/providers/extract/jev_provider.py"":""9e4cc23e3c939b64c5285033ad53b321fa15f95e0906cf9b61043ee80bc641c3"",""src/extract_bench/inference/providers/extract/table_codegen/schema_utils.py"":""0d142666f01b497c2b17beba54200f2b3f9efeba92c7ee51ec90b6bd1543f075""}","{""pdf_sha256"":""3b36e3cc0c65b1bfa82bc668ac92ea4c7b0bd40fb42640cd155af4877157cba1"",""schema_sha256"":""97bc56fc0019939b8f89e45349601a7d6962f7f15b962b6ed32b8aa0c43e1939""}",5b68f109fe1c683bf8b4ce4421dbfba374b037aa5a1df1882fb423bdd2335b44,6dc8d8501571a97efcb423321eb3b8a875b13e9210ecc5b656ebf0a9210222c4,0.16056910569105692,0.15447154471544716,0.20430107526881722,0.30158730158730157,0.15447154471544716,0.3888888888888889,0.0,0.0,0.0,0.0,0.0,0.0,,,,,0.0,0.047619047619047616,0.18253968253968253,,,,0.0,0.0,0.0,0.20430107526881722,0.30158730158730157,0.15447154471544716
consensus,cfpb_closing-disclosure_filled-sample_corrupted,dev,short,5,typesafe/jev-1.13,2.14.4,0.010190879999999996,34,,,"{""learning/jev/run.py"":""17069eac4359c20ce119c195dcc937028f6dc6806cd5ed94d77fd43afcaf2a80"",""src/extract_bench/inference/providers/extract/jev/__init__.py"":""56172964a8506bc66b4cf6917d105c52425ef080f644d107e72e1ad0fbc4d25b"",""src/extract_bench/inference/providers/extract/jev/citations.py"":""4144e688671ea5cacf65bfc08e94760cabb8f2edd203b378cdbf66ca9bcb510e"",""src/extract_bench/inference/providers/extract/jev/client.py"":""beb1a61abb4b88e0c376f51442ced7df794dcaba9976c360914bef744220cd35"",""src/extract_bench/inference/providers/extract/jev/parser.py"":""bfe6db7e59a7c887901bb07c0db0a378b95342cb3f9b526b2bb435fb75486535"",""src/extract_bench/inference/providers/extract/jev/variant_anchors.py"":""f217f96ef5db468e0aa5e07047ac31528fd678174ce2112e83b4a8df8d9fbc11"",""src/extract_bench/inference/providers/extract/jev/variant_boundaries.py"":""5459a351a81ecd7629ad57d8d310f35a190cf288f551b97e09c110406413c980"",""src/extract_bench/inference/providers/extract/jev/variant_compact.py"":""2c6391fe6262f575decc967a3202b00d1d1dcbcd639fe7546dfa152a7b4fd666"",""src/extract_bench/inference/providers/extract/jev/variant_consensus.py"":""40180b7093440c4833d53472002cc172e0133de1217b77ee63d223f40206cfe8"",""src/extract_bench/inference/providers/extract/jev/variant_fields.py"":""9a21e0920e98714a567ddc9394349f7978692ed380bce208dcbfd20044104597"",""src/extract_bench/inference/providers/extract/jev/variant_geometric.py"":""4b37ff54d32db9b70c311ee5f70a70eeddd120d611b5c1fc323b19d7248087df"",""src/extract_bench/inference/providers/extract/jev/variant_hierarchical.py"":""d786f7feecbf31c06ef8099be47e57958c37280d71705e05384234eb304c3d38"",""src/extract_bench/inference/providers/extract/jev/variant_hybrid.py"":""846b51de513c32a0af92e981da99119840b8ebaa3604912d144459f8617a3cda"",""src/extract_bench/inference/providers/extract/jev/variant_localized.py"":""9739b688b0c6298c84a453bd37a17622854dff66031584fa4007b872183c1f32"",""src/extract_bench/inference/providers/extract/jev/variant_multipage.py"":""8039f13cb57506671951878d63a32c0dd3a4c123c87f649a0a48ab0662e85818"",""src/extract_bench/inference/providers/extract/jev/variant_rowrepair.py"":""6aa926f26e5296a953e7c6ac7a3a57c2bf3d2b2f2002ab40a20dc7686067a32e"",""src/extract_bench/inference/providers/extract/jev/variant_tables.py"":""540a3c3f382eec8115c50bf05a4e726c9453e378828cefbf359ea7c380a55c95"",""src/extract_bench/inference/providers/extract/jev_provider.py"":""781453b5d5c60369753619978b30f1f8285064cbe1499ee0474f182f95974bfd"",""src/extract_bench/inference/providers/extract/table_codegen/schema_utils.py"":""0d142666f01b497c2b17beba54200f2b3f9efeba92c7ee51ec90b6bd1543f075""}","{""pdf_sha256"":""257964ee735970ddf25d6dd56b3e34af80fcca8c473f9cc79eb8388ea253bc7b"",""schema_sha256"":""166b66fcdeba068088c5d867c232204bbff04cd0b3bac9badabaa4f95e0d655e""}",4be1a1481a80b5914805ee07994230a23ce3181b279e31f0dfa8ca713e98d22d,bd4dbd8c4a3e83052c6e1118462d9627542a59445edfb28484e69f13abbc2477,0.1099527418870398,0.11612903225806452,0.1782178217821782,0.3829787234042553,0.11612903225806452,0.2894736842105263,0.0,0.0,0.0,0.0,0.0,0.0,,,,,0.0,0.022364217252396165,0.14376996805111822,,,,,,,0.1782178217821782,0.3829787234042553,0.11612903225806452
consensus,gsa_mas_it_labor_0010,dev,medium,15,typesafe/jev-1.13,2.14.4,0.0019212479999999997,6,,,"{""learning/jev/run.py"":""17069eac4359c20ce119c195dcc937028f6dc6806cd5ed94d77fd43afcaf2a80"",""src/extract_bench/inference/providers/extract/jev/__init__.py"":""56172964a8506bc66b4cf6917d105c52425ef080f644d107e72e1ad0fbc4d25b"",""src/extract_bench/inference/providers/extract/jev/citations.py"":""4144e688671ea5cacf65bfc08e94760cabb8f2edd203b378cdbf66ca9bcb510e"",""src/extract_bench/inference/providers/extract/jev/client.py"":""beb1a61abb4b88e0c376f51442ced7df794dcaba9976c360914bef744220cd35"",""src/extract_bench/inference/providers/extract/jev/parser.py"":""bfe6db7e59a7c887901bb07c0db0a378b95342cb3f9b526b2bb435fb75486535"",""src/extract_bench/inference/providers/extract/jev/variant_anchors.py"":""f217f96ef5db468e0aa5e07047ac31528fd678174ce2112e83b4a8df8d9fbc11"",""src/extract_bench/inference/providers/extract/jev/variant_boundaries.py"":""5459a351a81ecd7629ad57d8d310f35a190cf288f551b97e09c110406413c980"",""src/extract_bench/inference/providers/extract/jev/variant_compact.py"":""2c6391fe6262f575decc967a3202b00d1d1dcbcd639fe7546dfa152a7b4fd666"",""src/extract_bench/inference/providers/extract/jev/variant_consensus.py"":""40180b7093440c4833d53472002cc172e0133de1217b77ee63d223f40206cfe8"",""src/extract_bench/inference/providers/extract/jev/variant_fields.py"":""9a21e0920e98714a567ddc9394349f7978692ed380bce208dcbfd20044104597"",""src/extract_bench/inference/providers/extract/jev/variant_geometric.py"":""4b37ff54d32db9b70c311ee5f70a70eeddd120d611b5c1fc323b19d7248087df"",""src/extract_bench/inference/providers/extract/jev/variant_hierarchical.py"":""d786f7feecbf31c06ef8099be47e57958c37280d71705e05384234eb304c3d38"",""src/extract_bench/inference/providers/extract/jev/variant_hybrid.py"":""846b51de513c32a0af92e981da99119840b8ebaa3604912d144459f8617a3cda"",""src/extract_bench/inference/providers/extract/jev/variant_localized.py"":""9739b688b0c6298c84a453bd37a17622854dff66031584fa4007b872183c1f32"",""src/extract_bench/inference/providers/extract/jev/variant_multipage.py"":""8039f13cb57506671951878d63a32c0dd3a4c123c87f649a0a48ab0662e85818"",""src/extract_bench/inference/providers/extract/jev/variant_rowrepair.py"":""6aa926f26e5296a953e7c6ac7a3a57c2bf3d2b2f2002ab40a20dc7686067a32e"",""src/extract_bench/inference/providers/extract/jev/variant_tables.py"":""540a3c3f382eec8115c50bf05a4e726c9453e378828cefbf359ea7c380a55c95"",""src/extract_bench/inference/providers/extract/jev_provider.py"":""9e4cc23e3c939b64c5285033ad53b321fa15f95e0906cf9b61043ee80bc641c3"",""src/extract_bench/inference/providers/extract/table_codegen/schema_utils.py"":""0d142666f01b497c2b17beba54200f2b3f9efeba92c7ee51ec90b6bd1543f075""}","{""pdf_sha256"":""f635fa705077b35a36859509c0094cf6a17f1bd6d29c830bced79183ddc3be58"",""schema_sha256"":""27a32c93f440da9aaa09878c85e8185c47eef79f2d42843d4ff878498bf7a573""}",3197c684b319d6b137a5885f477ba3db8056c346c56b845aa89c9a58b0e7d486,a1fac979771d964d4f917e937095cd32a4b7c814b599bb10e61bd51c7d1d18a5,0.05002405002405002,0.3939393939393939,0.3939393939393939,0.3939393939393939,0.3939393939393939,1.0,0.0,0.0,0.0,0.0,0.0,0.0,,,,,0.0,0.0,0.45454545454545453,,,,,,,0.3939393939393939,0.3939393939393939,0.3939393939393939
consensus,mcdonalds_receipt_chicago_documentcloud,dev,short,1,typesafe/jev-1.13,2.14.4,0.002904467999999999,8,,,"{""learning/jev/run.py"":""17069eac4359c20ce119c195dcc937028f6dc6806cd5ed94d77fd43afcaf2a80"",""src/extract_bench/inference/providers/extract/jev/__init__.py"":""56172964a8506bc66b4cf6917d105c52425ef080f644d107e72e1ad0fbc4d25b"",""src/extract_bench/inference/providers/extract/jev/citations.py"":""4144e688671ea5cacf65bfc08e94760cabb8f2edd203b378cdbf66ca9bcb510e"",""src/extract_bench/inference/providers/extract/jev/client.py"":""beb1a61abb4b88e0c376f51442ced7df794dcaba9976c360914bef744220cd35"",""src/extract_bench/inference/providers/extract/jev/parser.py"":""bfe6db7e59a7c887901bb07c0db0a378b95342cb3f9b526b2bb435fb75486535"",""src/extract_bench/inference/providers/extract/jev/variant_anchors.py"":""b92c84f0acdf53d8dd0097a6ac2d8f6aa65c493b5250dddf51dcbcf675034ae7"",""src/extract_bench/inference/providers/extract/jev/variant_boundaries.py"":""5459a351a81ecd7629ad57d8d310f35a190cf288f551b97e09c110406413c980"",""src/extract_bench/inference/providers/extract/jev/variant_compact.py"":""2c6391fe6262f575decc967a3202b00d1d1dcbcd639fe7546dfa152a7b4fd666"",""src/extract_bench/inference/providers/extract/jev/variant_consensus.py"":""40180b7093440c4833d53472002cc172e0133de1217b77ee63d223f40206cfe8"",""src/extract_bench/inference/providers/extract/jev/variant_fields.py"":""9a21e0920e98714a567ddc9394349f7978692ed380bce208dcbfd20044104597"",""src/extract_bench/inference/providers/extract/jev/variant_geometric.py"":""4b37ff54d32db9b70c311ee5f70a70eeddd120d611b5c1fc323b19d7248087df"",""src/extract_bench/inference/providers/extract/jev/variant_hierarchical.py"":""d786f7feecbf31c06ef8099be47e57958c37280d71705e05384234eb304c3d38"",""src/extract_bench/inference/providers/extract/jev/variant_hybrid.py"":""846b51de513c32a0af92e981da99119840b8ebaa3604912d144459f8617a3cda"",""src/extract_bench/inference/providers/extract/jev/variant_localized.py"":""9739b688b0c6298c84a453bd37a17622854dff66031584fa4007b872183c1f32"",""src/extract_bench/inference/providers/extract/jev/variant_multipage.py"":""8039f13cb57506671951878d63a32c0dd3a4c123c87f649a0a48ab0662e85818"",""src/extract_bench/inference/providers/extract/jev/variant_rowrepair.py"":""6aa926f26e5296a953e7c6ac7a3a57c2bf3d2b2f2002ab40a20dc7686067a32e"",""src/extract_bench/inference/providers/extract/jev/variant_tables.py"":""540a3c3f382eec8115c50bf05a4e726c9453e378828cefbf359ea7c380a55c95"",""src/extract_bench/inference/providers/extract/jev_provider.py"":""781453b5d5c60369753619978b30f1f8285064cbe1499ee0474f182f95974bfd"",""src/extract_bench/inference/providers/extract/table_codegen/schema_utils.py"":""0d142666f01b497c2b17beba54200f2b3f9efeba92c7ee51ec90b6bd1543f075""}","{""pdf_sha256"":""7733dfb56fe7f3b58d5f9070463d1f9341a44794f871c5aaacccb6278ac5ddd6"",""schema_sha256"":""0b8525756617e8df86ef0599fb3b7b4a3c81a9cab45d9e6dd38fe11c51473d84""}",56cf17afa02b5a4f5eeca65ca4005b7f5a58e68aecc6474357c1f9ad30c5c78e,c8d1c78cb28d18b42a99de45eb34400631715012e8fe0689e2132b90c56d3057,0.23753639596358592,0.43137254901960786,0.45833333333333326,0.4888888888888889,0.43137254901960786,0.8333333333333334,0.0,0.0,0.0,0.0,0.0,0.0,,,,,0.0,0.18181818181818182,0.4,,,,,,,0.47058823529411764,0.5,0.4444444444444444
consensus,ms_medicaid_ra_adjustments_corrupted,dev,short,4,typesafe/jev-1.13,2.14.4,0.001401456,5,,,"{""learning/jev/run.py"":""17069eac4359c20ce119c195dcc937028f6dc6806cd5ed94d77fd43afcaf2a80"",""src/extract_bench/inference/providers/extract/jev/__init__.py"":""56172964a8506bc66b4cf6917d105c52425ef080f644d107e72e1ad0fbc4d25b"",""src/extract_bench/inference/providers/extract/jev/citations.py"":""4144e688671ea5cacf65bfc08e94760cabb8f2edd203b378cdbf66ca9bcb510e"",""src/extract_bench/inference/providers/extract/jev/client.py"":""beb1a61abb4b88e0c376f51442ced7df794dcaba9976c360914bef744220cd35"",""src/extract_bench/inference/providers/extract/jev/parser.py"":""bfe6db7e59a7c887901bb07c0db0a378b95342cb3f9b526b2bb435fb75486535"",""src/extract_bench/inference/providers/extract/jev/variant_anchors.py"":""f217f96ef5db468e0aa5e07047ac31528fd678174ce2112e83b4a8df8d9fbc11"",""src/extract_bench/inference/providers/extract/jev/variant_boundaries.py"":""5459a351a81ecd7629ad57d8d310f35a190cf288f551b97e09c110406413c980"",""src/extract_bench/inference/providers/extract/jev/variant_compact.py"":""2c6391fe6262f575decc967a3202b00d1d1dcbcd639fe7546dfa152a7b4fd666"",""src/extract_bench/inference/providers/extract/jev/variant_consensus.py"":""40180b7093440c4833d53472002cc172e0133de1217b77ee63d223f40206cfe8"",""src/extract_bench/inference/providers/extract/jev/variant_fields.py"":""9a21e0920e98714a567ddc9394349f7978692ed380bce208dcbfd20044104597"",""src/extract_bench/inference/providers/extract/jev/variant_geometric.py"":""4b37ff54d32db9b70c311ee5f70a70eeddd120d611b5c1fc323b19d7248087df"",""src/extract_bench/inference/providers/extract/jev/variant_hierarchical.py"":""d786f7feecbf31c06ef8099be47e57958c37280d71705e05384234eb304c3d38"",""src/extract_bench/inference/providers/extract/jev/variant_hybrid.py"":""846b51de513c32a0af92e981da99119840b8ebaa3604912d144459f8617a3cda"",""src/extract_bench/inference/providers/extract/jev/variant_localized.py"":""9739b688b0c6298c84a453bd37a17622854dff66031584fa4007b872183c1f32"",""src/extract_bench/inference/providers/extract/jev/variant_multipage.py"":""8039f13cb57506671951878d63a32c0dd3a4c123c87f649a0a48ab0662e85818"",""src/extract_bench/inference/providers/extract/jev/variant_rowrepair.py"":""6aa926f26e5296a953e7c6ac7a3a57c2bf3d2b2f2002ab40a20dc7686067a32e"",""src/extract_bench/inference/providers/extract/jev/variant_tables.py"":""540a3c3f382eec8115c50bf05a4e726c9453e378828cefbf359ea7c380a55c95"",""src/extract_bench/inference/providers/extract/jev_provider.py"":""781453b5d5c60369753619978b30f1f8285064cbe1499ee0474f182f95974bfd"",""src/extract_bench/inference/providers/extract/table_codegen/schema_utils.py"":""0d142666f01b497c2b17beba54200f2b3f9efeba92c7ee51ec90b6bd1543f075""}","{""pdf_sha256"":""9b17b95061663faaa627a2fb38558cc2a4e030a7e9669755b1e0e2792a83bf4e"",""schema_sha256"":""13eaa707b5ac17f2c0deef4667980b1ee49b2113f51f1c5eabdf266e4b1b5db5""}",1557a2aefaf0f4a01fe65d56ee488b5244ab273d1179cdaf8ef4584117e9fa04,897f0f519eb9b56bcbc2a1fe083ee2fc66d19ae10bf9f11d0fc8f23eae4a14db,0.04582334501198598,0.1724137931034483,0.16666666666666669,0.16129032258064516,0.1724137931034483,1.0,0.0,0.0,0.0,0.0,0.0,0.0,,,,,0.0,0.13114754098360656,0.16393442622950818,,,,,,,0.16666666666666669,0.16129032258064516,0.1724137931034483
consensus,sec_13f_0026_brown_brothers_harriman,dev,long,55,typesafe/jev-1.13,2.14.4,0.001167096,2,,,"{""learning/jev/run.py"":""17069eac4359c20ce119c195dcc937028f6dc6806cd5ed94d77fd43afcaf2a80"",""src/extract_bench/inference/providers/extract/jev/__init__.py"":""56172964a8506bc66b4cf6917d105c52425ef080f644d107e72e1ad0fbc4d25b"",""src/extract_bench/inference/providers/extract/jev/citations.py"":""4144e688671ea5cacf65bfc08e94760cabb8f2edd203b378cdbf66ca9bcb510e"",""src/extract_bench/inference/providers/extract/jev/client.py"":""beb1a61abb4b88e0c376f51442ced7df794dcaba9976c360914bef744220cd35"",""src/extract_bench/inference/providers/extract/jev/parser.py"":""bfe6db7e59a7c887901bb07c0db0a378b95342cb3f9b526b2bb435fb75486535"",""src/extract_bench/inference/providers/extract/jev/variant_anchors.py"":""f217f96ef5db468e0aa5e07047ac31528fd678174ce2112e83b4a8df8d9fbc11"",""src/extract_bench/inference/providers/extract/jev/variant_boundaries.py"":""5459a351a81ecd7629ad57d8d310f35a190cf288f551b97e09c110406413c980"",""src/extract_bench/inference/providers/extract/jev/variant_compact.py"":""2c6391fe6262f575decc967a3202b00d1d1dcbcd639fe7546dfa152a7b4fd666"",""src/extract_bench/inference/providers/extract/jev/variant_consensus.py"":""40180b7093440c4833d53472002cc172e0133de1217b77ee63d223f40206cfe8"",""src/extract_bench/inference/providers/extract/jev/variant_fields.py"":""9a21e0920e98714a567ddc9394349f7978692ed380bce208dcbfd20044104597"",""src/extract_bench/inference/providers/extract/jev/variant_geometric.py"":""4b37ff54d32db9b70c311ee5f70a70eeddd120d611b5c1fc323b19d7248087df"",""src/extract_bench/inference/providers/extract/jev/variant_hierarchical.py"":""d786f7feecbf31c06ef8099be47e57958c37280d71705e05384234eb304c3d38"",""src/extract_bench/inference/providers/extract/jev/variant_hybrid.py"":""846b51de513c32a0af92e981da99119840b8ebaa3604912d144459f8617a3cda"",""src/extract_bench/inference/providers/extract/jev/variant_localized.py"":""9739b688b0c6298c84a453bd37a17622854dff66031584fa4007b872183c1f32"",""src/extract_bench/inference/providers/extract/jev/variant_multipage.py"":""8039f13cb57506671951878d63a32c0dd3a4c123c87f649a0a48ab0662e85818"",""src/extract_bench/inference/providers/extract/jev/variant_rowrepair.py"":""6aa926f26e5296a953e7c6ac7a3a57c2bf3d2b2f2002ab40a20dc7686067a32e"",""src/extract_bench/inference/providers/extract/jev/variant_tables.py"":""540a3c3f382eec8115c50bf05a4e726c9453e378828cefbf359ea7c380a55c95"",""src/extract_bench/inference/providers/extract/jev_provider.py"":""9e4cc23e3c939b64c5285033ad53b321fa15f95e0906cf9b61043ee80bc641c3"",""src/extract_bench/inference/providers/extract/table_codegen/schema_utils.py"":""0d142666f01b497c2b17beba54200f2b3f9efeba92c7ee51ec90b6bd1543f075""}","{""pdf_sha256"":""4787d70ca373866d0e595f923c9305d0759e63f7dd7128e070b78efbf3632283"",""schema_sha256"":""213162a02c73274888105e01841954b374bf7e76f4b89a13bd4012e54d267862""}",f546a37c78c6f70205de4492a7fa3751f7c4eb3c41d9321f7d3024c0d477a063,e33c24a0987f0c1fd6dc4266d50173ca3525bc010fff2dbe80d9be151693f6a7,4.348204191668841e-05,5.1387461459403907e-05,0.00010276964184779817,1.0,5.1387461459403907e-05,0.0,0.0,0.0,0.0,0.0,0.0,0.0,0.0,0.0,0.0,0.0,0.0,0.0,4.348204191668841e-05,0.0,0.0,0.0,0.0,0.0,0.0,8.696030262185313e-05,1.0,4.348204191668841e-05
consensus,utah_fleet_rate_schedule_fy2024,dev,short,2,typesafe/jev-1.13,2.14.4,0.0008201340000000001,3,,,"{""learning/jev/run.py"":""17069eac4359c20ce119c195dcc937028f6dc6806cd5ed94d77fd43afcaf2a80"",""src/extract_bench/inference/providers/extract/jev/__init__.py"":""56172964a8506bc66b4cf6917d105c52425ef080f644d107e72e1ad0fbc4d25b"",""src/extract_bench/inference/providers/extract/jev/citations.py"":""4144e688671ea5cacf65bfc08e94760cabb8f2edd203b378cdbf66ca9bcb510e"",""src/extract_bench/inference/providers/extract/jev/client.py"":""beb1a61abb4b88e0c376f51442ced7df794dcaba9976c360914bef744220cd35"",""src/extract_bench/inference/providers/extract/jev/parser.py"":""bfe6db7e59a7c887901bb07c0db0a378b95342cb3f9b526b2bb435fb75486535"",""src/extract_bench/inference/providers/extract/jev/variant_anchors.py"":""f217f96ef5db468e0aa5e07047ac31528fd678174ce2112e83b4a8df8d9fbc11"",""src/extract_bench/inference/providers/extract/jev/variant_boundaries.py"":""5459a351a81ecd7629ad57d8d310f35a190cf288f551b97e09c110406413c980"",""src/extract_bench/inference/providers/extract/jev/variant_compact.py"":""2c6391fe6262f575decc967a3202b00d1d1dcbcd639fe7546dfa152a7b4fd666"",""src/extract_bench/inference/providers/extract/jev/variant_consensus.py"":""40180b7093440c4833d53472002cc172e0133de1217b77ee63d223f40206cfe8"",""src/extract_bench/inference/providers/extract/jev/variant_fields.py"":""9a21e0920e98714a567ddc9394349f7978692ed380bce208dcbfd20044104597"",""src/extract_bench/inference/providers/extract/jev/variant_geometric.py"":""4b37ff54d32db9b70c311ee5f70a70eeddd120d611b5c1fc323b19d7248087df"",""src/extract_bench/inference/providers/extract/jev/variant_hierarchical.py"":""d786f7feecbf31c06ef8099be47e57958c37280d71705e05384234eb304c3d38"",""src/extract_bench/inference/providers/extract/jev/variant_hybrid.py"":""846b51de513c32a0af92e981da99119840b8ebaa3604912d144459f8617a3cda"",""src/extract_bench/inference/providers/extract/jev/variant_localized.py"":""9739b688b0c6298c84a453bd37a17622854dff66031584fa4007b872183c1f32"",""src/extract_bench/inference/providers/extract/jev/variant_multipage.py"":""8039f13cb57506671951878d63a32c0dd3a4c123c87f649a0a48ab0662e85818"",""src/extract_bench/inference/providers/extract/jev/variant_rowrepair.py"":""6aa926f26e5296a953e7c6ac7a3a57c2bf3d2b2f2002ab40a20dc7686067a32e"",""src/extract_bench/inference/providers/extract/jev/variant_tables.py"":""540a3c3f382eec8115c50bf05a4e726c9453e378828cefbf359ea7c380a55c95"",""src/extract_bench/inference/providers/extract/jev_provider.py"":""781453b5d5c60369753619978b30f1f8285064cbe1499ee0474f182f95974bfd"",""src/extract_bench/inference/providers/extract/table_codegen/schema_utils.py"":""0d142666f01b497c2b17beba54200f2b3f9efeba92c7ee51ec90b6bd1543f075""}","{""pdf_sha256"":""0b3841123954a66b6eec5cc0cd75c42c58910e6ac0558a65bdb21591af6bcc30"",""schema_sha256"":""8d2100fb3b42f63411a8a3e12b615f0247d4b2b50331a715a4fa980a6b54b23c""}",2a473581f1ddafb277573c816e1dbf0d5af3905e9999656f551fcb514377de4d,bb5b86e1907d83c65ecf502c2a35fe7f20d6fcc6b53db81aed83da58d90da77c,0.16865229962952924,0.14705882352941177,0.22321428571428573,0.46296296296296297,0.14705882352941177,0.30952380952380953,0.0,0.0,0.0,0.0,0.0,0.0,,,,,0.0,0.0,0.16374269005847952,,,,,,,0.23214285714285715,0.48148148148148145,0.15294117647058825
anchors,07021-2016-p0018,dev,short,1,typesafe/jev-1.13,2.14.4,0.007991004,60,,,"{""learning/jev/run.py"":""17069eac4359c20ce119c195dcc937028f6dc6806cd5ed94d77fd43afcaf2a80"",""src/extract_bench/inference/providers/extract/jev/__init__.py"":""56172964a8506bc66b4cf6917d105c52425ef080f644d107e72e1ad0fbc4d25b"",""src/extract_bench/inference/providers/extract/jev/citations.py"":""4144e688671ea5cacf65bfc08e94760cabb8f2edd203b378cdbf66ca9bcb510e"",""src/extract_bench/inference/providers/extract/jev/client.py"":""beb1a61abb4b88e0c376f51442ced7df794dcaba9976c360914bef744220cd35"",""src/extract_bench/inference/providers/extract/jev/parser.py"":""bfe6db7e59a7c887901bb07c0db0a378b95342cb3f9b526b2bb435fb75486535"",""src/extract_bench/inference/providers/extract/jev/variant_anchors.py"":""f217f96ef5db468e0aa5e07047ac31528fd678174ce2112e83b4a8df8d9fbc11"",""src/extract_bench/inference/providers/extract/jev/variant_boundaries.py"":""5459a351a81ecd7629ad57d8d310f35a190cf288f551b97e09c110406413c980"",""src/extract_bench/inference/providers/extract/jev/variant_compact.py"":""2c6391fe6262f575decc967a3202b00d1d1dcbcd639fe7546dfa152a7b4fd666"",""src/extract_bench/inference/providers/extract/jev/variant_consensus.py"":""40180b7093440c4833d53472002cc172e0133de1217b77ee63d223f40206cfe8"",""src/extract_bench/inference/providers/extract/jev/variant_fields.py"":""9a21e0920e98714a567ddc9394349f7978692ed380bce208dcbfd20044104597"",""src/extract_bench/inference/providers/extract/jev/variant_geometric.py"":""4b37ff54d32db9b70c311ee5f70a70eeddd120d611b5c1fc323b19d7248087df"",""src/extract_bench/inference/providers/extract/jev/variant_hierarchical.py"":""d786f7feecbf31c06ef8099be47e57958c37280d71705e05384234eb304c3d38"",""src/extract_bench/inference/providers/extract/jev/variant_hybrid.py"":""846b51de513c32a0af92e981da99119840b8ebaa3604912d144459f8617a3cda"",""src/extract_bench/inference/providers/extract/jev/variant_localized.py"":""9739b688b0c6298c84a453bd37a17622854dff66031584fa4007b872183c1f32"",""src/extract_bench/inference/providers/extract/jev/variant_multipage.py"":""8039f13cb57506671951878d63a32c0dd3a4c123c87f649a0a48ab0662e85818"",""src/extract_bench/inference/providers/extract/jev/variant_rowrepair.py"":""6aa926f26e5296a953e7c6ac7a3a57c2bf3d2b2f2002ab40a20dc7686067a32e"",""src/extract_bench/inference/providers/extract/jev/variant_tables.py"":""540a3c3f382eec8115c50bf05a4e726c9453e378828cefbf359ea7c380a55c95"",""src/extract_bench/inference/providers/extract/jev_provider.py"":""9e4cc23e3c939b64c5285033ad53b321fa15f95e0906cf9b61043ee80bc641c3"",""src/extract_bench/inference/providers/extract/table_codegen/schema_utils.py"":""0d142666f01b497c2b17beba54200f2b3f9efeba92c7ee51ec90b6bd1543f075""}","{""pdf_sha256"":""e667acf072151b34ddaee54965db1c838855019efce443d610c826b21472cdb5"",""schema_sha256"":""30623361bad97ee66e685ddc8d0e859150ec2019b914757799140b776e80938a""}",e6d7b77d31f588650bafbfd3fffe5da84f38ecc90968907d8e8f672a1887c5da,f8a6b79252141eed002a7957f243051d110754bc100efecd6758db43e2e5420e,0.42811797805341073,0.425531914893617,0.33898305084745767,0.28169014084507044,0.425531914893617,7.0,0.0,0.0,0.0,0.0,0.0,0.0,0.0,0.0,0.0,0.0,0.375,0.10344827586206896,0.1724137931034483,0.0,0.0,0.0,0.05714285714285714,0.125,0.037037037037037035,0.33898305084745767,0.28169014084507044,0.425531914893617
anchors,H9-53-59_60,dev,short,1,typesafe/jev-1.13,2.14.4,0.010340568000000007,56,,,"{""learning/jev/run.py"":""17069eac4359c20ce119c195dcc937028f6dc6806cd5ed94d77fd43afcaf2a80"",""src/extract_bench/inference/providers/extract/jev/__init__.py"":""56172964a8506bc66b4cf6917d105c52425ef080f644d107e72e1ad0fbc4d25b"",""src/extract_bench/inference/providers/extract/jev/citations.py"":""4144e688671ea5cacf65bfc08e94760cabb8f2edd203b378cdbf66ca9bcb510e"",""src/extract_bench/inference/providers/extract/jev/client.py"":""beb1a61abb4b88e0c376f51442ced7df794dcaba9976c360914bef744220cd35"",""src/extract_bench/inference/providers/extract/jev/parser.py"":""bfe6db7e59a7c887901bb07c0db0a378b95342cb3f9b526b2bb435fb75486535"",""src/extract_bench/inference/providers/extract/jev/variant_anchors.py"":""f217f96ef5db468e0aa5e07047ac31528fd678174ce2112e83b4a8df8d9fbc11"",""src/extract_bench/inference/providers/extract/jev/variant_boundaries.py"":""5459a351a81ecd7629ad57d8d310f35a190cf288f551b97e09c110406413c980"",""src/extract_bench/inference/providers/extract/jev/variant_compact.py"":""2c6391fe6262f575decc967a3202b00d1d1dcbcd639fe7546dfa152a7b4fd666"",""src/extract_bench/inference/providers/extract/jev/variant_consensus.py"":""40180b7093440c4833d53472002cc172e0133de1217b77ee63d223f40206cfe8"",""src/extract_bench/inference/providers/extract/jev/variant_fields.py"":""9a21e0920e98714a567ddc9394349f7978692ed380bce208dcbfd20044104597"",""src/extract_bench/inference/providers/extract/jev/variant_geometric.py"":""4b37ff54d32db9b70c311ee5f70a70eeddd120d611b5c1fc323b19d7248087df"",""src/extract_bench/inference/providers/extract/jev/variant_hierarchical.py"":""d786f7feecbf31c06ef8099be47e57958c37280d71705e05384234eb304c3d38"",""src/extract_bench/inference/providers/extract/jev/variant_hybrid.py"":""846b51de513c32a0af92e981da99119840b8ebaa3604912d144459f8617a3cda"",""src/extract_bench/inference/providers/extract/jev/variant_localized.py"":""9739b688b0c6298c84a453bd37a17622854dff66031584fa4007b872183c1f32"",""src/extract_bench/inference/providers/extract/jev/variant_multipage.py"":""8039f13cb57506671951878d63a32c0dd3a4c123c87f649a0a48ab0662e85818"",""src/extract_bench/inference/providers/extract/jev/variant_rowrepair.py"":""6aa926f26e5296a953e7c6ac7a3a57c2bf3d2b2f2002ab40a20dc7686067a32e"",""src/extract_bench/inference/providers/extract/jev/variant_tables.py"":""540a3c3f382eec8115c50bf05a4e726c9453e378828cefbf359ea7c380a55c95"",""src/extract_bench/inference/providers/extract/jev_provider.py"":""9e4cc23e3c939b64c5285033ad53b321fa15f95e0906cf9b61043ee80bc641c3"",""src/extract_bench/inference/providers/extract/table_codegen/schema_utils.py"":""0d142666f01b497c2b17beba54200f2b3f9efeba92c7ee51ec90b6bd1543f075""}","{""pdf_sha256"":""3138b0b9eb5558bd7a4926da7fd6fcbe9dc6416d598bf3b8a45721151bfb28b4"",""schema_sha256"":""3ed88269aa3b306944b365be830ad89677350e0630dcc2173bad72cef7e3041a""}",657123ebea74e01f2d39024e52c9ea2d6ad74862edcf986cbb7ffd00ef6bacde,d92f231cb4d2f878ca74d9b083d386909451027de4f6bbcb5aa6a80f38e0dd83,0.45944532985608033,0.39655172413793105,0.3709677419354839,0.3484848484848485,0.39655172413793105,3.0,0.0,0.0,0.0,0.0,0.0,0.0,0.0,0.0,0.0,0.0,0.8095238095238095,0.35714285714285715,0.6428571428571429,0.0,0.0,0.0,0.358974358974359,0.6666666666666666,0.24561403508771928,0.532258064516129,0.5,0.5689655172413793
anchors,P4-Historical Single Signature83-10963_5480,dev,short,1,typesafe/jev-1.13,2.14.4,0.008148251999999998,46,,,"{""learning/jev/run.py"":""17069eac4359c20ce119c195dcc937028f6dc6806cd5ed94d77fd43afcaf2a80"",""src/extract_bench/inference/providers/extract/jev/__init__.py"":""56172964a8506bc66b4cf6917d105c52425ef080f644d107e72e1ad0fbc4d25b"",""src/extract_bench/inference/providers/extract/jev/citations.py"":""4144e688671ea5cacf65bfc08e94760cabb8f2edd203b378cdbf66ca9bcb510e"",""src/extract_bench/inference/providers/extract/jev/client.py"":""beb1a61abb4b88e0c376f51442ced7df794dcaba9976c360914bef744220cd35"",""src/extract_bench/inference/providers/extract/jev/parser.py"":""bfe6db7e59a7c887901bb07c0db0a378b95342cb3f9b526b2bb435fb75486535"",""src/extract_bench/inference/providers/extract/jev/variant_anchors.py"":""f217f96ef5db468e0aa5e07047ac31528fd678174ce2112e83b4a8df8d9fbc11"",""src/extract_bench/inference/providers/extract/jev/variant_boundaries.py"":""5459a351a81ecd7629ad57d8d310f35a190cf288f551b97e09c110406413c980"",""src/extract_bench/inference/providers/extract/jev/variant_compact.py"":""2c6391fe6262f575decc967a3202b00d1d1dcbcd639fe7546dfa152a7b4fd666"",""src/extract_bench/inference/providers/extract/jev/variant_consensus.py"":""40180b7093440c4833d53472002cc172e0133de1217b77ee63d223f40206cfe8"",""src/extract_bench/inference/providers/extract/jev/variant_fields.py"":""9a21e0920e98714a567ddc9394349f7978692ed380bce208dcbfd20044104597"",""src/extract_bench/inference/providers/extract/jev/variant_geometric.py"":""4b37ff54d32db9b70c311ee5f70a70eeddd120d611b5c1fc323b19d7248087df"",""src/extract_bench/inference/providers/extract/jev/variant_hierarchical.py"":""d786f7feecbf31c06ef8099be47e57958c37280d71705e05384234eb304c3d38"",""src/extract_bench/inference/providers/extract/jev/variant_hybrid.py"":""846b51de513c32a0af92e981da99119840b8ebaa3604912d144459f8617a3cda"",""src/extract_bench/inference/providers/extract/jev/variant_localized.py"":""9739b688b0c6298c84a453bd37a17622854dff66031584fa4007b872183c1f32"",""src/extract_bench/inference/providers/extract/jev/variant_multipage.py"":""8039f13cb57506671951878d63a32c0dd3a4c123c87f649a0a48ab0662e85818"",""src/extract_bench/inference/providers/extract/jev/variant_rowrepair.py"":""6aa926f26e5296a953e7c6ac7a3a57c2bf3d2b2f2002ab40a20dc7686067a32e"",""src/extract_bench/inference/providers/extract/jev/variant_tables.py"":""540a3c3f382eec8115c50bf05a4e726c9453e378828cefbf359ea7c380a55c95"",""src/extract_bench/inference/providers/extract/jev_provider.py"":""9e4cc23e3c939b64c5285033ad53b321fa15f95e0906cf9b61043ee80bc641c3"",""src/extract_bench/inference/providers/extract/table_codegen/schema_utils.py"":""0d142666f01b497c2b17beba54200f2b3f9efeba92c7ee51ec90b6bd1543f075""}","{""pdf_sha256"":""91e6c084622131653977e8e0f244fe4f13dbae34c8509172948939bdc94d1076"",""schema_sha256"":""c50c32330a96e7259cd4a5a5125dbae3dacc48136407eb1882f2c5f5d2388b6c""}",c2c356a0222ba970c76c29700f34b2ffe3ee24c55b73ceddb1b2f461efe8e4e2,aab59619ee4ad3a125dff423044305ae64d589b4811be6d6ec4556d736ef9dac,0.8001117781374711,0.7692307692307693,0.7407407407407408,0.7142857142857143,0.7692307692307693,0.0,0.0,0.0,0.0,0.0,0.0,0.0,0.0,0.0,0.0,0.0,0.7692307692307693,0.38461538461538464,0.8076923076923077,0.0,0.0,0.0,0.25806451612903225,0.6153846153846154,0.16326530612244897,0.7777777777777779,0.75,0.8076923076923077
anchors,W14-58509_W14 2nd sub revised,dev,short,1,typesafe/jev-1.13,2.14.4,0.028972019999999998,126,,,"{""learning/jev/run.py"":""17069eac4359c20ce119c195dcc937028f6dc6806cd5ed94d77fd43afcaf2a80"",""src/extract_bench/inference/providers/extract/jev/__init__.py"":""56172964a8506bc66b4cf6917d105c52425ef080f644d107e72e1ad0fbc4d25b"",""src/extract_bench/inference/providers/extract/jev/citations.py"":""4144e688671ea5cacf65bfc08e94760cabb8f2edd203b378cdbf66ca9bcb510e"",""src/extract_bench/inference/providers/extract/jev/client.py"":""beb1a61abb4b88e0c376f51442ced7df794dcaba9976c360914bef744220cd35"",""src/extract_bench/inference/providers/extract/jev/parser.py"":""bfe6db7e59a7c887901bb07c0db0a378b95342cb3f9b526b2bb435fb75486535"",""src/extract_bench/inference/providers/extract/jev/variant_anchors.py"":""f217f96ef5db468e0aa5e07047ac31528fd678174ce2112e83b4a8df8d9fbc11"",""src/extract_bench/inference/providers/extract/jev/variant_boundaries.py"":""5459a351a81ecd7629ad57d8d310f35a190cf288f551b97e09c110406413c980"",""src/extract_bench/inference/providers/extract/jev/variant_compact.py"":""2c6391fe6262f575decc967a3202b00d1d1dcbcd639fe7546dfa152a7b4fd666"",""src/extract_bench/inference/providers/extract/jev/variant_consensus.py"":""40180b7093440c4833d53472002cc172e0133de1217b77ee63d223f40206cfe8"",""src/extract_bench/inference/providers/extract/jev/variant_fields.py"":""9a21e0920e98714a567ddc9394349f7978692ed380bce208dcbfd20044104597"",""src/extract_bench/inference/providers/extract/jev/variant_geometric.py"":""4b37ff54d32db9b70c311ee5f70a70eeddd120d611b5c1fc323b19d7248087df"",""src/extract_bench/inference/providers/extract/jev/variant_hierarchical.py"":""d786f7feecbf31c06ef8099be47e57958c37280d71705e05384234eb304c3d38"",""src/extract_bench/inference/providers/extract/jev/variant_hybrid.py"":""846b51de513c32a0af92e981da99119840b8ebaa3604912d144459f8617a3cda"",""src/extract_bench/inference/providers/extract/jev/variant_localized.py"":""9739b688b0c6298c84a453bd37a17622854dff66031584fa4007b872183c1f32"",""src/extract_bench/inference/providers/extract/jev/variant_multipage.py"":""8039f13cb57506671951878d63a32c0dd3a4c123c87f649a0a48ab0662e85818"",""src/extract_bench/inference/providers/extract/jev/variant_rowrepair.py"":""6aa926f26e5296a953e7c6ac7a3a57c2bf3d2b2f2002ab40a20dc7686067a32e"",""src/extract_bench/inference/providers/extract/jev/variant_tables.py"":""540a3c3f382eec8115c50bf05a4e726c9453e378828cefbf359ea7c380a55c95"",""src/extract_bench/inference/providers/extract/jev_provider.py"":""9e4cc23e3c939b64c5285033ad53b321fa15f95e0906cf9b61043ee80bc641c3"",""src/extract_bench/inference/providers/extract/table_codegen/schema_utils.py"":""0d142666f01b497c2b17beba54200f2b3f9efeba92c7ee51ec90b6bd1543f075""}","{""pdf_sha256"":""22511db4eda31b6cba04e88fc8732c47e00d191d81cc9468c4e1366214f4901a"",""schema_sha256"":""7ad6ae99b204297b28920683d028ff9ef71b35a455b7a34a7f2363fd474d5d45""}",b3f092541b9e41e1d62269ae9349a75ea717b7b0695b60973b58fa3d3dd27e7d,caa283929326a9a74361446a62082677872b86de3247e9b8398372b8b323dfb2,0.5791778946271652,0.6327433628318584,0.6842105263157895,0.7447916666666666,0.6327433628318584,0.5,0.0,0.0,0.0,0.0,0.0,0.0,0.15393786087351027,0.04447688346613486,0.3047619047619048,0.09523809523809523,0.5866666666666667,0.410958904109589,0.5753424657534246,0.06666666666666667,0.5,0.03571428571428571,0.2740740740740741,0.8222222222222222,0.16444444444444445,0.7272727272727273,0.7916666666666666,0.672566371681416
anchors,baker_hughes_earnings_deck_q4fy25,dev,medium,25,typesafe/jev-1.13,2.14.4,0.01004022600000001,87,,,"{""learning/jev/run.py"":""17069eac4359c20ce119c195dcc937028f6dc6806cd5ed94d77fd43afcaf2a80"",""src/extract_bench/inference/providers/extract/jev/__init__.py"":""56172964a8506bc66b4cf6917d105c52425ef080f644d107e72e1ad0fbc4d25b"",""src/extract_bench/inference/providers/extract/jev/citations.py"":""4144e688671ea5cacf65bfc08e94760cabb8f2edd203b378cdbf66ca9bcb510e"",""src/extract_bench/inference/providers/extract/jev/client.py"":""beb1a61abb4b88e0c376f51442ced7df794dcaba9976c360914bef744220cd35"",""src/extract_bench/inference/providers/extract/jev/parser.py"":""bfe6db7e59a7c887901bb07c0db0a378b95342cb3f9b526b2bb435fb75486535"",""src/extract_bench/inference/providers/extract/jev/variant_anchors.py"":""f217f96ef5db468e0aa5e07047ac31528fd678174ce2112e83b4a8df8d9fbc11"",""src/extract_bench/inference/providers/extract/jev/variant_boundaries.py"":""5459a351a81ecd7629ad57d8d310f35a190cf288f551b97e09c110406413c980"",""src/extract_bench/inference/providers/extract/jev/variant_compact.py"":""2c6391fe6262f575decc967a3202b00d1d1dcbcd639fe7546dfa152a7b4fd666"",""src/extract_bench/inference/providers/extract/jev/variant_consensus.py"":""40180b7093440c4833d53472002cc172e0133de1217b77ee63d223f40206cfe8"",""src/extract_bench/inference/providers/extract/jev/variant_fields.py"":""9a21e0920e98714a567ddc9394349f7978692ed380bce208dcbfd20044104597"",""src/extract_bench/inference/providers/extract/jev/variant_geometric.py"":""4b37ff54d32db9b70c311ee5f70a70eeddd120d611b5c1fc323b19d7248087df"",""src/extract_bench/inference/providers/extract/jev/variant_hierarchical.py"":""d786f7feecbf31c06ef8099be47e57958c37280d71705e05384234eb304c3d38"",""src/extract_bench/inference/providers/extract/jev/variant_hybrid.py"":""846b51de513c32a0af92e981da99119840b8ebaa3604912d144459f8617a3cda"",""src/extract_bench/inference/providers/extract/jev/variant_localized.py"":""9739b688b0c6298c84a453bd37a17622854dff66031584fa4007b872183c1f32"",""src/extract_bench/inference/providers/extract/jev/variant_multipage.py"":""8039f13cb57506671951878d63a32c0dd3a4c123c87f649a0a48ab0662e85818"",""src/extract_bench/inference/providers/extract/jev/variant_rowrepair.py"":""6aa926f26e5296a953e7c6ac7a3a57c2bf3d2b2f2002ab40a20dc7686067a32e"",""src/extract_bench/inference/providers/extract/jev/variant_tables.py"":""540a3c3f382eec8115c50bf05a4e726c9453e378828cefbf359ea7c380a55c95"",""src/extract_bench/inference/providers/extract/jev_provider.py"":""9e4cc23e3c939b64c5285033ad53b321fa15f95e0906cf9b61043ee80bc641c3"",""src/extract_bench/inference/providers/extract/table_codegen/schema_utils.py"":""0d142666f01b497c2b17beba54200f2b3f9efeba92c7ee51ec90b6bd1543f075""}","{""pdf_sha256"":""0aacb98fdb9ee986940f4b1c348f403acfaa42d32621a22909c6f3abb0f75f8f"",""schema_sha256"":""9c44694c086d54a67e6f397dc2ed9f7c103738a4de5811d0395bba71a6261338""}",22de7be5795cdd2ff0fad5c3cad580a9e1063b609d16c51c6662562ef5534fba,43edddc60009f411cd8a3c08cae1e38b14b53447bc2bdc1339e3d3b1d952a2a1,0.4601235324330474,0.4,0.07582938388625593,0.041884816753926704,0.4,29.5,0.0,0.0,0.0,0.0,0.0,0.0,,,,,0.09090909090909091,0.2857142857142857,0.42857142857142855,,,,0.6666666666666666,1.0,0.5,0.09478672985781991,0.05235602094240838,0.5
anchors,ccc_online_0012_chubb_dodge_durango_corrupted,dev,medium,17,typesafe/jev-1.13,2.14.4,0.03577816200000001,409,,,"{""learning/jev/run.py"":""17069eac4359c20ce119c195dcc937028f6dc6806cd5ed94d77fd43afcaf2a80"",""src/extract_bench/inference/providers/extract/jev/__init__.py"":""56172964a8506bc66b4cf6917d105c52425ef080f644d107e72e1ad0fbc4d25b"",""src/extract_bench/inference/providers/extract/jev/citations.py"":""4144e688671ea5cacf65bfc08e94760cabb8f2edd203b378cdbf66ca9bcb510e"",""src/extract_bench/inference/providers/extract/jev/client.py"":""beb1a61abb4b88e0c376f51442ced7df794dcaba9976c360914bef744220cd35"",""src/extract_bench/inference/providers/extract/jev/parser.py"":""bfe6db7e59a7c887901bb07c0db0a378b95342cb3f9b526b2bb435fb75486535"",""src/extract_bench/inference/providers/extract/jev/variant_anchors.py"":""f217f96ef5db468e0aa5e07047ac31528fd678174ce2112e83b4a8df8d9fbc11"",""src/extract_bench/inference/providers/extract/jev/variant_boundaries.py"":""5459a351a81ecd7629ad57d8d310f35a190cf288f551b97e09c110406413c980"",""src/extract_bench/inference/providers/extract/jev/variant_compact.py"":""2c6391fe6262f575decc967a3202b00d1d1dcbcd639fe7546dfa152a7b4fd666"",""src/extract_bench/inference/providers/extract/jev/variant_consensus.py"":""40180b7093440c4833d53472002cc172e0133de1217b77ee63d223f40206cfe8"",""src/extract_bench/inference/providers/extract/jev/variant_fields.py"":""9a21e0920e98714a567ddc9394349f7978692ed380bce208dcbfd20044104597"",""src/extract_bench/inference/providers/extract/jev/variant_geometric.py"":""4b37ff54d32db9b70c311ee5f70a70eeddd120d611b5c1fc323b19d7248087df"",""src/extract_bench/inference/providers/extract/jev/variant_hierarchical.py"":""d786f7feecbf31c06ef8099be47e57958c37280d71705e05384234eb304c3d38"",""src/extract_bench/inference/providers/extract/jev/variant_hybrid.py"":""846b51de513c32a0af92e981da99119840b8ebaa3604912d144459f8617a3cda"",""src/extract_bench/inference/providers/extract/jev/variant_localized.py"":""9739b688b0c6298c84a453bd37a17622854dff66031584fa4007b872183c1f32"",""src/extract_bench/inference/providers/extract/jev/variant_multipage.py"":""8039f13cb57506671951878d63a32c0dd3a4c123c87f649a0a48ab0662e85818"",""src/extract_bench/inference/providers/extract/jev/variant_rowrepair.py"":""6aa926f26e5296a953e7c6ac7a3a57c2bf3d2b2f2002ab40a20dc7686067a32e"",""src/extract_bench/inference/providers/extract/jev/variant_tables.py"":""540a3c3f382eec8115c50bf05a4e726c9453e378828cefbf359ea7c380a55c95"",""src/extract_bench/inference/providers/extract/jev_provider.py"":""9e4cc23e3c939b64c5285033ad53b321fa15f95e0906cf9b61043ee80bc641c3"",""src/extract_bench/inference/providers/extract/table_codegen/schema_utils.py"":""0d142666f01b497c2b17beba54200f2b3f9efeba92c7ee51ec90b6bd1543f075""}","{""pdf_sha256"":""3b36e3cc0c65b1bfa82bc668ac92ea4c7b0bd40fb42640cd155af4877157cba1"",""schema_sha256"":""97bc56fc0019939b8f89e45349601a7d6962f7f15b962b6ed32b8aa0c43e1939""}",d6a2794fd594cb824ff04a7cb1ee90aeef85dbd7d61f4f57004b8b128e95cb7c,33ff071a6ef7c03f424a58afe12f78972a231e974f2b0ce66a186b1a3f4bb67f,0.1261023928999578,0.2032520325203252,0.09208103130755063,0.05952380952380952,0.2032520325203252,5.944444444444445,0.0,0.0,0.0,0.0,0.0,0.0,,,,,0.07,0.09523809523809523,0.21428571428571427,,,,0.0,0.0,0.0,0.09208103130755063,0.05952380952380952,0.2032520325203252
anchors,cfpb_closing-disclosure_filled-sample_corrupted,dev,short,5,typesafe/jev-1.13,2.14.4,0.033796308,283,,,"{""learning/jev/run.py"":""17069eac4359c20ce119c195dcc937028f6dc6806cd5ed94d77fd43afcaf2a80"",""src/extract_bench/inference/providers/extract/jev/__init__.py"":""56172964a8506bc66b4cf6917d105c52425ef080f644d107e72e1ad0fbc4d25b"",""src/extract_bench/inference/providers/extract/jev/citations.py"":""4144e688671ea5cacf65bfc08e94760cabb8f2edd203b378cdbf66ca9bcb510e"",""src/extract_bench/inference/providers/extract/jev/client.py"":""beb1a61abb4b88e0c376f51442ced7df794dcaba9976c360914bef744220cd35"",""src/extract_bench/inference/providers/extract/jev/parser.py"":""bfe6db7e59a7c887901bb07c0db0a378b95342cb3f9b526b2bb435fb75486535"",""src/extract_bench/inference/providers/extract/jev/variant_anchors.py"":""f217f96ef5db468e0aa5e07047ac31528fd678174ce2112e83b4a8df8d9fbc11"",""src/extract_bench/inference/providers/extract/jev/variant_boundaries.py"":""5459a351a81ecd7629ad57d8d310f35a190cf288f551b97e09c110406413c980"",""src/extract_bench/inference/providers/extract/jev/variant_compact.py"":""2c6391fe6262f575decc967a3202b00d1d1dcbcd639fe7546dfa152a7b4fd666"",""src/extract_bench/inference/providers/extract/jev/variant_consensus.py"":""40180b7093440c4833d53472002cc172e0133de1217b77ee63d223f40206cfe8"",""src/extract_bench/inference/providers/extract/jev/variant_fields.py"":""9a21e0920e98714a567ddc9394349f7978692ed380bce208dcbfd20044104597"",""src/extract_bench/inference/providers/extract/jev/variant_geometric.py"":""4b37ff54d32db9b70c311ee5f70a70eeddd120d611b5c1fc323b19d7248087df"",""src/extract_bench/inference/providers/extract/jev/variant_hierarchical.py"":""d786f7feecbf31c06ef8099be47e57958c37280d71705e05384234eb304c3d38"",""src/extract_bench/inference/providers/extract/jev/variant_hybrid.py"":""846b51de513c32a0af92e981da99119840b8ebaa3604912d144459f8617a3cda"",""src/extract_bench/inference/providers/extract/jev/variant_localized.py"":""9739b688b0c6298c84a453bd37a17622854dff66031584fa4007b872183c1f32"",""src/extract_bench/inference/providers/extract/jev/variant_multipage.py"":""8039f13cb57506671951878d63a32c0dd3a4c123c87f649a0a48ab0662e85818"",""src/extract_bench/inference/providers/extract/jev/variant_rowrepair.py"":""6aa926f26e5296a953e7c6ac7a3a57c2bf3d2b2f2002ab40a20dc7686067a32e"",""src/extract_bench/inference/providers/extract/jev/variant_tables.py"":""540a3c3f382eec8115c50bf05a4e726c9453e378828cefbf359ea7c380a55c95"",""src/extract_bench/inference/providers/extract/jev_provider.py"":""9e4cc23e3c939b64c5285033ad53b321fa15f95e0906cf9b61043ee80bc641c3"",""src/extract_bench/inference/providers/extract/table_codegen/schema_utils.py"":""0d142666f01b497c2b17beba54200f2b3f9efeba92c7ee51ec90b6bd1543f075""}","{""pdf_sha256"":""257964ee735970ddf25d6dd56b3e34af80fcca8c473f9cc79eb8388ea253bc7b"",""schema_sha256"":""166b66fcdeba068088c5d867c232204bbff04cd0b3bac9badabaa4f95e0d655e""}",4541658b250aa1e4ca23569ab83cc4490914aec3fe615e542d17744e43aceeaf,5d10f8a2fc151c7573efcaf717df400850105bf8efc283fdef1c6fd2a96b02fd,0.11024220201119264,0.49032258064516127,0.24516129032258063,0.16344086021505377,0.49032258064516127,3.5,0.0,0.0,0.0,0.0,0.0,0.0,,,,,0.37337662337662336,0.3706070287539936,0.476038338658147,,,,,,,0.24516129032258063,0.16344086021505377,0.49032258064516127
anchors,gsa_mas_it_labor_0010,dev,medium,15,typesafe/jev-1.13,2.14.4,0.006889638000000001,53,,,"{""learning/jev/run.py"":""17069eac4359c20ce119c195dcc937028f6dc6806cd5ed94d77fd43afcaf2a80"",""src/extract_bench/inference/providers/extract/jev/__init__.py"":""56172964a8506bc66b4cf6917d105c52425ef080f644d107e72e1ad0fbc4d25b"",""src/extract_bench/inference/providers/extract/jev/citations.py"":""4144e688671ea5cacf65bfc08e94760cabb8f2edd203b378cdbf66ca9bcb510e"",""src/extract_bench/inference/providers/extract/jev/client.py"":""beb1a61abb4b88e0c376f51442ced7df794dcaba9976c360914bef744220cd35"",""src/extract_bench/inference/providers/extract/jev/parser.py"":""bfe6db7e59a7c887901bb07c0db0a378b95342cb3f9b526b2bb435fb75486535"",""src/extract_bench/inference/providers/extract/jev/variant_anchors.py"":""f217f96ef5db468e0aa5e07047ac31528fd678174ce2112e83b4a8df8d9fbc11"",""src/extract_bench/inference/providers/extract/jev/variant_boundaries.py"":""5459a351a81ecd7629ad57d8d310f35a190cf288f551b97e09c110406413c980"",""src/extract_bench/inference/providers/extract/jev/variant_compact.py"":""2c6391fe6262f575decc967a3202b00d1d1dcbcd639fe7546dfa152a7b4fd666"",""src/extract_bench/inference/providers/extract/jev/variant_consensus.py"":""40180b7093440c4833d53472002cc172e0133de1217b77ee63d223f40206cfe8"",""src/extract_bench/inference/providers/extract/jev/variant_fields.py"":""9a21e0920e98714a567ddc9394349f7978692ed380bce208dcbfd20044104597"",""src/extract_bench/inference/providers/extract/jev/variant_geometric.py"":""4b37ff54d32db9b70c311ee5f70a70eeddd120d611b5c1fc323b19d7248087df"",""src/extract_bench/inference/providers/extract/jev/variant_hierarchical.py"":""d786f7feecbf31c06ef8099be47e57958c37280d71705e05384234eb304c3d38"",""src/extract_bench/inference/providers/extract/jev/variant_hybrid.py"":""846b51de513c32a0af92e981da99119840b8ebaa3604912d144459f8617a3cda"",""src/extract_bench/inference/providers/extract/jev/variant_localized.py"":""9739b688b0c6298c84a453bd37a17622854dff66031584fa4007b872183c1f32"",""src/extract_bench/inference/providers/extract/jev/variant_multipage.py"":""8039f13cb57506671951878d63a32c0dd3a4c123c87f649a0a48ab0662e85818"",""src/extract_bench/inference/providers/extract/jev/variant_rowrepair.py"":""6aa926f26e5296a953e7c6ac7a3a57c2bf3d2b2f2002ab40a20dc7686067a32e"",""src/extract_bench/inference/providers/extract/jev/variant_tables.py"":""540a3c3f382eec8115c50bf05a4e726c9453e378828cefbf359ea7c380a55c95"",""src/extract_bench/inference/providers/extract/jev_provider.py"":""9e4cc23e3c939b64c5285033ad53b321fa15f95e0906cf9b61043ee80bc641c3"",""src/extract_bench/inference/providers/extract/table_codegen/schema_utils.py"":""0d142666f01b497c2b17beba54200f2b3f9efeba92c7ee51ec90b6bd1543f075""}","{""pdf_sha256"":""f635fa705077b35a36859509c0094cf6a17f1bd6d29c830bced79183ddc3be58"",""schema_sha256"":""27a32c93f440da9aaa09878c85e8185c47eef79f2d42843d4ff878498bf7a573""}",d8ebf59ec0a624732bb3265e42155f4af375f84a4698e435c0f61c35d100b141,621743a11e353956d760f7bed14e7f7e74f031da50344aeb266b1ab32c5cef5f,0.04764309764309764,0.48484848484848486,0.11594202898550725,0.06584362139917696,0.48484848484848486,8.0,0.0,0.0,0.0,0.0,0.0,0.0,,,,,0.0,0.0,0.06060606060606061,,,,,,,0.11594202898550725,0.06584362139917696,0.48484848484848486
anchors,mcdonalds_receipt_chicago_documentcloud,dev,short,1,typesafe/jev-1.13,2.14.4,0.0018622379999999996,14,,,"{""learning/jev/run.py"":""17069eac4359c20ce119c195dcc937028f6dc6806cd5ed94d77fd43afcaf2a80"",""src/extract_bench/inference/providers/extract/jev/__init__.py"":""56172964a8506bc66b4cf6917d105c52425ef080f644d107e72e1ad0fbc4d25b"",""src/extract_bench/inference/providers/extract/jev/citations.py"":""4144e688671ea5cacf65bfc08e94760cabb8f2edd203b378cdbf66ca9bcb510e"",""src/extract_bench/inference/providers/extract/jev/client.py"":""beb1a61abb4b88e0c376f51442ced7df794dcaba9976c360914bef744220cd35"",""src/extract_bench/inference/providers/extract/jev/parser.py"":""bfe6db7e59a7c887901bb07c0db0a378b95342cb3f9b526b2bb435fb75486535"",""src/extract_bench/inference/providers/extract/jev/variant_anchors.py"":""f217f96ef5db468e0aa5e07047ac31528fd678174ce2112e83b4a8df8d9fbc11"",""src/extract_bench/inference/providers/extract/jev/variant_boundaries.py"":""5459a351a81ecd7629ad57d8d310f35a190cf288f551b97e09c110406413c980"",""src/extract_bench/inference/providers/extract/jev/variant_compact.py"":""2c6391fe6262f575decc967a3202b00d1d1dcbcd639fe7546dfa152a7b4fd666"",""src/extract_bench/inference/providers/extract/jev/variant_consensus.py"":""40180b7093440c4833d53472002cc172e0133de1217b77ee63d223f40206cfe8"",""src/extract_bench/inference/providers/extract/jev/variant_fields.py"":""9a21e0920e98714a567ddc9394349f7978692ed380bce208dcbfd20044104597"",""src/extract_bench/inference/providers/extract/jev/variant_geometric.py"":""4b37ff54d32db9b70c311ee5f70a70eeddd120d611b5c1fc323b19d7248087df"",""src/extract_bench/inference/providers/extract/jev/variant_hierarchical.py"":""d786f7feecbf31c06ef8099be47e57958c37280d71705e05384234eb304c3d38"",""src/extract_bench/inference/providers/extract/jev/variant_hybrid.py"":""846b51de513c32a0af92e981da99119840b8ebaa3604912d144459f8617a3cda"",""src/extract_bench/inference/providers/extract/jev/variant_localized.py"":""9739b688b0c6298c84a453bd37a17622854dff66031584fa4007b872183c1f32"",""src/extract_bench/inference/providers/extract/jev/variant_multipage.py"":""8039f13cb57506671951878d63a32c0dd3a4c123c87f649a0a48ab0662e85818"",""src/extract_bench/inference/providers/extract/jev/variant_rowrepair.py"":""6aa926f26e5296a953e7c6ac7a3a57c2bf3d2b2f2002ab40a20dc7686067a32e"",""src/extract_bench/inference/providers/extract/jev/variant_tables.py"":""540a3c3f382eec8115c50bf05a4e726c9453e378828cefbf359ea7c380a55c95"",""src/extract_bench/inference/providers/extract/jev_provider.py"":""9e4cc23e3c939b64c5285033ad53b321fa15f95e0906cf9b61043ee80bc641c3"",""src/extract_bench/inference/providers/extract/table_codegen/schema_utils.py"":""0d142666f01b497c2b17beba54200f2b3f9efeba92c7ee51ec90b6bd1543f075""}","{""pdf_sha256"":""7733dfb56fe7f3b58d5f9070463d1f9341a44794f871c5aaacccb6278ac5ddd6"",""schema_sha256"":""0b8525756617e8df86ef0599fb3b7b4a3c81a9cab45d9e6dd38fe11c51473d84""}",079317f05a8524a4e0559cb9825249a4352f341fca6722c4ba980bf369fa5725,dcc69bd52fae1b518b54371c330a1c5d16bdd3240fe2989fb832f462bcf9bce7,0.19432651942037604,0.17647058823529413,0.23076923076923078,0.3333333333333333,0.17647058823529413,0.3333333333333333,0.0,0.0,0.0,0.0,0.0,0.0,,,,,0.0,0.03636363636363636,0.23636363636363636,,,,,,,0.2619047619047619,0.36666666666666664,0.2037037037037037
anchors,ms_medicaid_ra_adjustments_corrupted,dev,short,4,typesafe/jev-1.13,2.14.4,0.006792744000000003,73,,,"{""learning/jev/run.py"":""17069eac4359c20ce119c195dcc937028f6dc6806cd5ed94d77fd43afcaf2a80"",""src/extract_bench/inference/providers/extract/jev/__init__.py"":""56172964a8506bc66b4cf6917d105c52425ef080f644d107e72e1ad0fbc4d25b"",""src/extract_bench/inference/providers/extract/jev/citations.py"":""4144e688671ea5cacf65bfc08e94760cabb8f2edd203b378cdbf66ca9bcb510e"",""src/extract_bench/inference/providers/extract/jev/client.py"":""beb1a61abb4b88e0c376f51442ced7df794dcaba9976c360914bef744220cd35"",""src/extract_bench/inference/providers/extract/jev/parser.py"":""bfe6db7e59a7c887901bb07c0db0a378b95342cb3f9b526b2bb435fb75486535"",""src/extract_bench/inference/providers/extract/jev/variant_anchors.py"":""f217f96ef5db468e0aa5e07047ac31528fd678174ce2112e83b4a8df8d9fbc11"",""src/extract_bench/inference/providers/extract/jev/variant_boundaries.py"":""5459a351a81ecd7629ad57d8d310f35a190cf288f551b97e09c110406413c980"",""src/extract_bench/inference/providers/extract/jev/variant_compact.py"":""2c6391fe6262f575decc967a3202b00d1d1dcbcd639fe7546dfa152a7b4fd666"",""src/extract_bench/inference/providers/extract/jev/variant_consensus.py"":""40180b7093440c4833d53472002cc172e0133de1217b77ee63d223f40206cfe8"",""src/extract_bench/inference/providers/extract/jev/variant_fields.py"":""9a21e0920e98714a567ddc9394349f7978692ed380bce208dcbfd20044104597"",""src/extract_bench/inference/providers/extract/jev/variant_geometric.py"":""4b37ff54d32db9b70c311ee5f70a70eeddd120d611b5c1fc323b19d7248087df"",""src/extract_bench/inference/providers/extract/jev/variant_hierarchical.py"":""d786f7feecbf31c06ef8099be47e57958c37280d71705e05384234eb304c3d38"",""src/extract_bench/inference/providers/extract/jev/variant_hybrid.py"":""846b51de513c32a0af92e981da99119840b8ebaa3604912d144459f8617a3cda"",""src/extract_bench/inference/providers/extract/jev/variant_localized.py"":""9739b688b0c6298c84a453bd37a17622854dff66031584fa4007b872183c1f32"",""src/extract_bench/inference/providers/extract/jev/variant_multipage.py"":""8039f13cb57506671951878d63a32c0dd3a4c123c87f649a0a48ab0662e85818"",""src/extract_bench/inference/providers/extract/jev/variant_rowrepair.py"":""6aa926f26e5296a953e7c6ac7a3a57c2bf3d2b2f2002ab40a20dc7686067a32e"",""src/extract_bench/inference/providers/extract/jev/variant_tables.py"":""540a3c3f382eec8115c50bf05a4e726c9453e378828cefbf359ea7c380a55c95"",""src/extract_bench/inference/providers/extract/jev_provider.py"":""9e4cc23e3c939b64c5285033ad53b321fa15f95e0906cf9b61043ee80bc641c3"",""src/extract_bench/inference/providers/extract/table_codegen/schema_utils.py"":""0d142666f01b497c2b17beba54200f2b3f9efeba92c7ee51ec90b6bd1543f075""}","{""pdf_sha256"":""9b17b95061663faaa627a2fb38558cc2a4e030a7e9669755b1e0e2792a83bf4e"",""schema_sha256"":""13eaa707b5ac17f2c0deef4667980b1ee49b2113f51f1c5eabdf266e4b1b5db5""}",155649979dd50d7f9397f25ffe532dd4e6b1237a85fa0a541cfc92e985e47472,41eb5d71f91c3e5656a3fb93ef3c0ab83d26dd8f46e69eea45b464512f90ae56,0.0,0.06896551724137931,0.05925925925925926,0.05194805194805195,0.06896551724137931,1.4,0.0,0.0,0.0,0.0,0.0,0.0,,,,,0.037037037037037035,0.06557377049180328,0.06557377049180328,,,,,,,0.05925925925925926,0.05194805194805195,0.06896551724137931
anchors,sec_13f_0026_brown_brothers_harriman,dev,long,55,typesafe/jev-1.13,2.14.4,0.0876889020000001,287,,,"{""learning/jev/run.py"":""17069eac4359c20ce119c195dcc937028f6dc6806cd5ed94d77fd43afcaf2a80"",""src/extract_bench/inference/providers/extract/jev/__init__.py"":""56172964a8506bc66b4cf6917d105c52425ef080f644d107e72e1ad0fbc4d25b"",""src/extract_bench/inference/providers/extract/jev/citations.py"":""4144e688671ea5cacf65bfc08e94760cabb8f2edd203b378cdbf66ca9bcb510e"",""src/extract_bench/inference/providers/extract/jev/client.py"":""beb1a61abb4b88e0c376f51442ced7df794dcaba9976c360914bef744220cd35"",""src/extract_bench/inference/providers/extract/jev/parser.py"":""bfe6db7e59a7c887901bb07c0db0a378b95342cb3f9b526b2bb435fb75486535"",""src/extract_bench/inference/providers/extract/jev/variant_anchors.py"":""f217f96ef5db468e0aa5e07047ac31528fd678174ce2112e83b4a8df8d9fbc11"",""src/extract_bench/inference/providers/extract/jev/variant_boundaries.py"":""5459a351a81ecd7629ad57d8d310f35a190cf288f551b97e09c110406413c980"",""src/extract_bench/inference/providers/extract/jev/variant_compact.py"":""2c6391fe6262f575decc967a3202b00d1d1dcbcd639fe7546dfa152a7b4fd666"",""src/extract_bench/inference/providers/extract/jev/variant_consensus.py"":""40180b7093440c4833d53472002cc172e0133de1217b77ee63d223f40206cfe8"",""src/extract_bench/inference/providers/extract/jev/variant_fields.py"":""9a21e0920e98714a567ddc9394349f7978692ed380bce208dcbfd20044104597"",""src/extract_bench/inference/providers/extract/jev/variant_geometric.py"":""4b37ff54d32db9b70c311ee5f70a70eeddd120d611b5c1fc323b19d7248087df"",""src/extract_bench/inference/providers/extract/jev/variant_hierarchical.py"":""d786f7feecbf31c06ef8099be47e57958c37280d71705e05384234eb304c3d38"",""src/extract_bench/inference/providers/extract/jev/variant_hybrid.py"":""846b51de513c32a0af92e981da99119840b8ebaa3604912d144459f8617a3cda"",""src/extract_bench/inference/providers/extract/jev/variant_localized.py"":""9739b688b0c6298c84a453bd37a17622854dff66031584fa4007b872183c1f32"",""src/extract_bench/inference/providers/extract/jev/variant_multipage.py"":""8039f13cb57506671951878d63a32c0dd3a4c123c87f649a0a48ab0662e85818"",""src/extract_bench/inference/providers/extract/jev/variant_rowrepair.py"":""6aa926f26e5296a953e7c6ac7a3a57c2bf3d2b2f2002ab40a20dc7686067a32e"",""src/extract_bench/inference/providers/extract/jev/variant_tables.py"":""540a3c3f382eec8115c50bf05a4e726c9453e378828cefbf359ea7c380a55c95"",""src/extract_bench/inference/providers/extract/jev_provider.py"":""9e4cc23e3c939b64c5285033ad53b321fa15f95e0906cf9b61043ee80bc641c3"",""src/extract_bench/inference/providers/extract/table_codegen/schema_utils.py"":""0d142666f01b497c2b17beba54200f2b3f9efeba92c7ee51ec90b6bd1543f075""}","{""pdf_sha256"":""4787d70ca373866d0e595f923c9305d0759e63f7dd7128e070b78efbf3632283"",""schema_sha256"":""213162a02c73274888105e01841954b374bf7e76f4b89a13bd4012e54d267862""}",7b8074aefa778742063a1eaad2014d12e556e63562d93fcdfe10719918503530,1ef5b53bfd230e2d8c0de7ecd54ac8135dfcf593dab913dcb677508be6fcfa4f,0.035762698708341804,0.8025693730729702,0.7989564149785144,0.7953758402933387,0.8025693730729702,1.0090446579988694,0.0,0.0,0.0,0.0,0.0,0.0,0.22399182937989356,0.008164830821641614,0.31616569988867405,0.014823929220132419,0.5046310388311519,0.504609096443169,0.5215236107487607,0.2801482466977097,0.7408896707715507,0.17273100134762992,0.8391870375573662,0.8981555733761026,0.7874846194410265,0.8278504025625486,0.8241403085408946,0.8315940516566658
anchors,utah_fleet_rate_schedule_fy2024,dev,short,2,typesafe/jev-1.13,2.14.4,0.0011569739999999998,9,,,"{""learning/jev/run.py"":""17069eac4359c20ce119c195dcc937028f6dc6806cd5ed94d77fd43afcaf2a80"",""src/extract_bench/inference/providers/extract/jev/__init__.py"":""56172964a8506bc66b4cf6917d105c52425ef080f644d107e72e1ad0fbc4d25b"",""src/extract_bench/inference/providers/extract/jev/citations.py"":""4144e688671ea5cacf65bfc08e94760cabb8f2edd203b378cdbf66ca9bcb510e"",""src/extract_bench/inference/providers/extract/jev/client.py"":""beb1a61abb4b88e0c376f51442ced7df794dcaba9976c360914bef744220cd35"",""src/extract_bench/inference/providers/extract/jev/parser.py"":""bfe6db7e59a7c887901bb07c0db0a378b95342cb3f9b526b2bb435fb75486535"",""src/extract_bench/inference/providers/extract/jev/variant_anchors.py"":""f217f96ef5db468e0aa5e07047ac31528fd678174ce2112e83b4a8df8d9fbc11"",""src/extract_bench/inference/providers/extract/jev/variant_boundaries.py"":""5459a351a81ecd7629ad57d8d310f35a190cf288f551b97e09c110406413c980"",""src/extract_bench/inference/providers/extract/jev/variant_compact.py"":""2c6391fe6262f575decc967a3202b00d1d1dcbcd639fe7546dfa152a7b4fd666"",""src/extract_bench/inference/providers/extract/jev/variant_consensus.py"":""40180b7093440c4833d53472002cc172e0133de1217b77ee63d223f40206cfe8"",""src/extract_bench/inference/providers/extract/jev/variant_fields.py"":""9a21e0920e98714a567ddc9394349f7978692ed380bce208dcbfd20044104597"",""src/extract_bench/inference/providers/extract/jev/variant_geometric.py"":""4b37ff54d32db9b70c311ee5f70a70eeddd120d611b5c1fc323b19d7248087df"",""src/extract_bench/inference/providers/extract/jev/variant_hierarchical.py"":""d786f7feecbf31c06ef8099be47e57958c37280d71705e05384234eb304c3d38"",""src/extract_bench/inference/providers/extract/jev/variant_hybrid.py"":""846b51de513c32a0af92e981da99119840b8ebaa3604912d144459f8617a3cda"",""src/extract_bench/inference/providers/extract/jev/variant_localized.py"":""9739b688b0c6298c84a453bd37a17622854dff66031584fa4007b872183c1f32"",""src/extract_bench/inference/providers/extract/jev/variant_multipage.py"":""8039f13cb57506671951878d63a32c0dd3a4c123c87f649a0a48ab0662e85818"",""src/extract_bench/inference/providers/extract/jev/variant_rowrepair.py"":""6aa926f26e5296a953e7c6ac7a3a57c2bf3d2b2f2002ab40a20dc7686067a32e"",""src/extract_bench/inference/providers/extract/jev/variant_tables.py"":""540a3c3f382eec8115c50bf05a4e726c9453e378828cefbf359ea7c380a55c95"",""src/extract_bench/inference/providers/extract/jev_provider.py"":""9e4cc23e3c939b64c5285033ad53b321fa15f95e0906cf9b61043ee80bc641c3"",""src/extract_bench/inference/providers/extract/table_codegen/schema_utils.py"":""0d142666f01b497c2b17beba54200f2b3f9efeba92c7ee51ec90b6bd1543f075""}","{""pdf_sha256"":""0b3841123954a66b6eec5cc0cd75c42c58910e6ac0558a65bdb21591af6bcc30"",""schema_sha256"":""8d2100fb3b42f63411a8a3e12b615f0247d4b2b50331a715a4fa980a6b54b23c""}",0de340a31634a0319afdc8e2afb7fcec50768cc201f0d07c0649daf4c505d3ec,bb44f222a6c2706983bac66400d8c1319fad48d4f1dade487a32f68bcfc38346,0.1339243285863025,0.12352941176470589,0.1842105263157895,0.3620689655172414,0.12352941176470589,0.3333333333333333,0.0,0.0,0.0,0.0,0.0,0.0,,,,,0.0,0.0,0.1286549707602339,,,,,,,0.1929824561403509,0.3793103448275862,0.12941176470588237
router_development,07021-2016-p0018,dev,short,1,typesafe/jev-1.13,2.14.4,0.005574870000000001,28,,,"{""learning/jev/run.py"":""17069eac4359c20ce119c195dcc937028f6dc6806cd5ed94d77fd43afcaf2a80"",""src/extract_bench/inference/providers/extract/jev/__init__.py"":""56172964a8506bc66b4cf6917d105c52425ef080f644d107e72e1ad0fbc4d25b"",""src/extract_bench/inference/providers/extract/jev/citations.py"":""4144e688671ea5cacf65bfc08e94760cabb8f2edd203b378cdbf66ca9bcb510e"",""src/extract_bench/inference/providers/extract/jev/client.py"":""beb1a61abb4b88e0c376f51442ced7df794dcaba9976c360914bef744220cd35"",""src/extract_bench/inference/providers/extract/jev/parser.py"":""bfe6db7e59a7c887901bb07c0db0a378b95342cb3f9b526b2bb435fb75486535"",""src/extract_bench/inference/providers/extract/jev/variant_anchors.py"":""f217f96ef5db468e0aa5e07047ac31528fd678174ce2112e83b4a8df8d9fbc11"",""src/extract_bench/inference/providers/extract/jev/variant_boundaries.py"":""5459a351a81ecd7629ad57d8d310f35a190cf288f551b97e09c110406413c980"",""src/extract_bench/inference/providers/extract/jev/variant_compact.py"":""2c6391fe6262f575decc967a3202b00d1d1dcbcd639fe7546dfa152a7b4fd666"",""src/extract_bench/inference/providers/extract/jev/variant_consensus.py"":""40180b7093440c4833d53472002cc172e0133de1217b77ee63d223f40206cfe8"",""src/extract_bench/inference/providers/extract/jev/variant_fields.py"":""9a21e0920e98714a567ddc9394349f7978692ed380bce208dcbfd20044104597"",""src/extract_bench/inference/providers/extract/jev/variant_geometric.py"":""4b37ff54d32db9b70c311ee5f70a70eeddd120d611b5c1fc323b19d7248087df"",""src/extract_bench/inference/providers/extract/jev/variant_hierarchical.py"":""d786f7feecbf31c06ef8099be47e57958c37280d71705e05384234eb304c3d38"",""src/extract_bench/inference/providers/extract/jev/variant_hybrid.py"":""846b51de513c32a0af92e981da99119840b8ebaa3604912d144459f8617a3cda"",""src/extract_bench/inference/providers/extract/jev/variant_localized.py"":""9739b688b0c6298c84a453bd37a17622854dff66031584fa4007b872183c1f32"",""src/extract_bench/inference/providers/extract/jev/variant_multipage.py"":""8039f13cb57506671951878d63a32c0dd3a4c123c87f649a0a48ab0662e85818"",""src/extract_bench/inference/providers/extract/jev/variant_router.py"":""eba0c6713fb54140a56c1e24ead76051f7998d9a5a53c40d68ad4dae7c229066"",""src/extract_bench/inference/providers/extract/jev/variant_rowrepair.py"":""0c65f35f02d2f33d96070fa8828a755ffd481e37d3053a937af59a735a666db3"",""src/extract_bench/inference/providers/extract/jev/variant_tables.py"":""540a3c3f382eec8115c50bf05a4e726c9453e378828cefbf359ea7c380a55c95"",""src/extract_bench/inference/providers/extract/jev_provider.py"":""b1ff1d5eb1cef3b4fc3fba01266d45850133f4c2c1ab9bcc3465fcf97c3ac8f7"",""src/extract_bench/inference/providers/extract/table_codegen/schema_utils.py"":""0d142666f01b497c2b17beba54200f2b3f9efeba92c7ee51ec90b6bd1543f075""}","{""pdf_sha256"":""e667acf072151b34ddaee54965db1c838855019efce443d610c826b21472cdb5"",""schema_sha256"":""30623361bad97ee66e685ddc8d0e859150ec2019b914757799140b776e80938a""}",ce0e5aef9d3961bd1d7251284685ef729d900700d0a069260e5f73d627fda6f0,2b44553fec04fd96c30eb6e2c5e16d155b20bb14c8c87abcc8684d0028086f15,0.4435783897907915,0.46808510638297873,0.46808510638297873,0.46808510638297873,0.46808510638297873,1.0,0.0,0.0,0.0,0.0,0.0,0.0,0.0,0.0,0.07407407407407407,0.0,0.3,0.10344827586206896,0.20689655172413793,0.0,0.0,0.0,0.05714285714285714,0.125,0.037037037037037035,0.46808510638297873,0.46808510638297873,0.46808510638297873
router_development,H9-53-59_60,dev,short,1,typesafe/jev-1.13,2.14.4,0.009529379999999999,49,,,"{""learning/jev/run.py"":""17069eac4359c20ce119c195dcc937028f6dc6806cd5ed94d77fd43afcaf2a80"",""src/extract_bench/inference/providers/extract/jev/__init__.py"":""56172964a8506bc66b4cf6917d105c52425ef080f644d107e72e1ad0fbc4d25b"",""src/extract_bench/inference/providers/extract/jev/citations.py"":""4144e688671ea5cacf65bfc08e94760cabb8f2edd203b378cdbf66ca9bcb510e"",""src/extract_bench/inference/providers/extract/jev/client.py"":""beb1a61abb4b88e0c376f51442ced7df794dcaba9976c360914bef744220cd35"",""src/extract_bench/inference/providers/extract/jev/parser.py"":""bfe6db7e59a7c887901bb07c0db0a378b95342cb3f9b526b2bb435fb75486535"",""src/extract_bench/inference/providers/extract/jev/variant_anchors.py"":""f217f96ef5db468e0aa5e07047ac31528fd678174ce2112e83b4a8df8d9fbc11"",""src/extract_bench/inference/providers/extract/jev/variant_boundaries.py"":""5459a351a81ecd7629ad57d8d310f35a190cf288f551b97e09c110406413c980"",""src/extract_bench/inference/providers/extract/jev/variant_compact.py"":""2c6391fe6262f575decc967a3202b00d1d1dcbcd639fe7546dfa152a7b4fd666"",""src/extract_bench/inference/providers/extract/jev/variant_consensus.py"":""40180b7093440c4833d53472002cc172e0133de1217b77ee63d223f40206cfe8"",""src/extract_bench/inference/providers/extract/jev/variant_fields.py"":""9a21e0920e98714a567ddc9394349f7978692ed380bce208dcbfd20044104597"",""src/extract_bench/inference/providers/extract/jev/variant_geometric.py"":""4b37ff54d32db9b70c311ee5f70a70eeddd120d611b5c1fc323b19d7248087df"",""src/extract_bench/inference/providers/extract/jev/variant_hierarchical.py"":""d786f7feecbf31c06ef8099be47e57958c37280d71705e05384234eb304c3d38"",""src/extract_bench/inference/providers/extract/jev/variant_hybrid.py"":""846b51de513c32a0af92e981da99119840b8ebaa3604912d144459f8617a3cda"",""src/extract_bench/inference/providers/extract/jev/variant_localized.py"":""9739b688b0c6298c84a453bd37a17622854dff66031584fa4007b872183c1f32"",""src/extract_bench/inference/providers/extract/jev/variant_multipage.py"":""8039f13cb57506671951878d63a32c0dd3a4c123c87f649a0a48ab0662e85818"",""src/extract_bench/inference/providers/extract/jev/variant_router.py"":""eba0c6713fb54140a56c1e24ead76051f7998d9a5a53c40d68ad4dae7c229066"",""src/extract_bench/inference/providers/extract/jev/variant_rowrepair.py"":""0c65f35f02d2f33d96070fa8828a755ffd481e37d3053a937af59a735a666db3"",""src/extract_bench/inference/providers/extract/jev/variant_tables.py"":""540a3c3f382eec8115c50bf05a4e726c9453e378828cefbf359ea7c380a55c95"",""src/extract_bench/inference/providers/extract/jev_provider.py"":""b1ff1d5eb1cef3b4fc3fba01266d45850133f4c2c1ab9bcc3465fcf97c3ac8f7"",""src/extract_bench/inference/providers/extract/table_codegen/schema_utils.py"":""0d142666f01b497c2b17beba54200f2b3f9efeba92c7ee51ec90b6bd1543f075""}","{""pdf_sha256"":""3138b0b9eb5558bd7a4926da7fd6fcbe9dc6416d598bf3b8a45721151bfb28b4"",""schema_sha256"":""3ed88269aa3b306944b365be830ad89677350e0630dcc2173bad72cef7e3041a""}",f5454c483dd8b5d5a630b7e55cff48e59d81596b3643bd3a480ce2d6d54deace,c6a20a9aeadf926f8828249438c6b20199d004c6cf6e74fcb3ac9b6e7d39f457,0.4793392290603244,0.41379310344827586,0.4285714285714286,0.4444444444444444,0.41379310344827586,0.0,0.0,0.0,0.0,0.0,0.0,0.0,0.0,0.0,0.0,0.0,0.7727272727272727,0.35714285714285715,0.625,0.0,0.0,0.0,0.35443037974683544,0.6363636363636364,0.24561403508771928,0.5892857142857143,0.6111111111111112,0.5689655172413793
router_development,P4-Historical Single Signature83-10963_5480,dev,short,1,typesafe/jev-1.13,2.14.4,0.007933380000000004,39,,,"{""learning/jev/run.py"":""17069eac4359c20ce119c195dcc937028f6dc6806cd5ed94d77fd43afcaf2a80"",""src/extract_bench/inference/providers/extract/jev/__init__.py"":""56172964a8506bc66b4cf6917d105c52425ef080f644d107e72e1ad0fbc4d25b"",""src/extract_bench/inference/providers/extract/jev/citations.py"":""4144e688671ea5cacf65bfc08e94760cabb8f2edd203b378cdbf66ca9bcb510e"",""src/extract_bench/inference/providers/extract/jev/client.py"":""beb1a61abb4b88e0c376f51442ced7df794dcaba9976c360914bef744220cd35"",""src/extract_bench/inference/providers/extract/jev/parser.py"":""bfe6db7e59a7c887901bb07c0db0a378b95342cb3f9b526b2bb435fb75486535"",""src/extract_bench/inference/providers/extract/jev/variant_anchors.py"":""f217f96ef5db468e0aa5e07047ac31528fd678174ce2112e83b4a8df8d9fbc11"",""src/extract_bench/inference/providers/extract/jev/variant_boundaries.py"":""5459a351a81ecd7629ad57d8d310f35a190cf288f551b97e09c110406413c980"",""src/extract_bench/inference/providers/extract/jev/variant_compact.py"":""2c6391fe6262f575decc967a3202b00d1d1dcbcd639fe7546dfa152a7b4fd666"",""src/extract_bench/inference/providers/extract/jev/variant_consensus.py"":""40180b7093440c4833d53472002cc172e0133de1217b77ee63d223f40206cfe8"",""src/extract_bench/inference/providers/extract/jev/variant_fields.py"":""9a21e0920e98714a567ddc9394349f7978692ed380bce208dcbfd20044104597"",""src/extract_bench/inference/providers/extract/jev/variant_geometric.py"":""4b37ff54d32db9b70c311ee5f70a70eeddd120d611b5c1fc323b19d7248087df"",""src/extract_bench/inference/providers/extract/jev/variant_hierarchical.py"":""d786f7feecbf31c06ef8099be47e57958c37280d71705e05384234eb304c3d38"",""src/extract_bench/inference/providers/extract/jev/variant_hybrid.py"":""846b51de513c32a0af92e981da99119840b8ebaa3604912d144459f8617a3cda"",""src/extract_bench/inference/providers/extract/jev/variant_localized.py"":""9739b688b0c6298c84a453bd37a17622854dff66031584fa4007b872183c1f32"",""src/extract_bench/inference/providers/extract/jev/variant_multipage.py"":""8039f13cb57506671951878d63a32c0dd3a4c123c87f649a0a48ab0662e85818"",""src/extract_bench/inference/providers/extract/jev/variant_router.py"":""eba0c6713fb54140a56c1e24ead76051f7998d9a5a53c40d68ad4dae7c229066"",""src/extract_bench/inference/providers/extract/jev/variant_rowrepair.py"":""0c65f35f02d2f33d96070fa8828a755ffd481e37d3053a937af59a735a666db3"",""src/extract_bench/inference/providers/extract/jev/variant_tables.py"":""540a3c3f382eec8115c50bf05a4e726c9453e378828cefbf359ea7c380a55c95"",""src/extract_bench/inference/providers/extract/jev_provider.py"":""b1ff1d5eb1cef3b4fc3fba01266d45850133f4c2c1ab9bcc3465fcf97c3ac8f7"",""src/extract_bench/inference/providers/extract/table_codegen/schema_utils.py"":""0d142666f01b497c2b17beba54200f2b3f9efeba92c7ee51ec90b6bd1543f075""}","{""pdf_sha256"":""91e6c084622131653977e8e0f244fe4f13dbae34c8509172948939bdc94d1076"",""schema_sha256"":""c50c32330a96e7259cd4a5a5125dbae3dacc48136407eb1882f2c5f5d2388b6c""}",a9b88f78764cb74a2bb6994b89bbcbb9b8d4d1dc3852992a79ff8ffb2421ccac,4030f88244a158716eb2b093e4cde2084b5b17789653cf79ac1fbf14fb49ee0c,0.8186302966559897,0.7884615384615384,0.7454545454545455,0.7068965517241379,0.7884615384615384,0.0,0.0,0.0,0.0,0.0,0.0,0.0,0.0,0.0,0.0,0.0,0.7142857142857143,0.38461538461538464,0.8461538461538461,0.0,0.0,0.0,0.25806451612903225,0.6153846153846154,0.16326530612244897,0.8,0.7586206896551724,0.8461538461538461
router_development,W14-58509_W14 2nd sub revised,dev,short,1,typesafe/jev-1.13,2.14.4,0.028435385999999993,121,,,"{""learning/jev/run.py"":""17069eac4359c20ce119c195dcc937028f6dc6806cd5ed94d77fd43afcaf2a80"",""src/extract_bench/inference/providers/extract/jev/__init__.py"":""56172964a8506bc66b4cf6917d105c52425ef080f644d107e72e1ad0fbc4d25b"",""src/extract_bench/inference/providers/extract/jev/citations.py"":""4144e688671ea5cacf65bfc08e94760cabb8f2edd203b378cdbf66ca9bcb510e"",""src/extract_bench/inference/providers/extract/jev/client.py"":""beb1a61abb4b88e0c376f51442ced7df794dcaba9976c360914bef744220cd35"",""src/extract_bench/inference/providers/extract/jev/parser.py"":""bfe6db7e59a7c887901bb07c0db0a378b95342cb3f9b526b2bb435fb75486535"",""src/extract_bench/inference/providers/extract/jev/variant_anchors.py"":""f217f96ef5db468e0aa5e07047ac31528fd678174ce2112e83b4a8df8d9fbc11"",""src/extract_bench/inference/providers/extract/jev/variant_boundaries.py"":""5459a351a81ecd7629ad57d8d310f35a190cf288f551b97e09c110406413c980"",""src/extract_bench/inference/providers/extract/jev/variant_compact.py"":""2c6391fe6262f575decc967a3202b00d1d1dcbcd639fe7546dfa152a7b4fd666"",""src/extract_bench/inference/providers/extract/jev/variant_consensus.py"":""40180b7093440c4833d53472002cc172e0133de1217b77ee63d223f40206cfe8"",""src/extract_bench/inference/providers/extract/jev/variant_fields.py"":""9a21e0920e98714a567ddc9394349f7978692ed380bce208dcbfd20044104597"",""src/extract_bench/inference/providers/extract/jev/variant_geometric.py"":""4b37ff54d32db9b70c311ee5f70a70eeddd120d611b5c1fc323b19d7248087df"",""src/extract_bench/inference/providers/extract/jev/variant_hierarchical.py"":""d786f7feecbf31c06ef8099be47e57958c37280d71705e05384234eb304c3d38"",""src/extract_bench/inference/providers/extract/jev/variant_hybrid.py"":""846b51de513c32a0af92e981da99119840b8ebaa3604912d144459f8617a3cda"",""src/extract_bench/inference/providers/extract/jev/variant_localized.py"":""9739b688b0c6298c84a453bd37a17622854dff66031584fa4007b872183c1f32"",""src/extract_bench/inference/providers/extract/jev/variant_multipage.py"":""8039f13cb57506671951878d63a32c0dd3a4c123c87f649a0a48ab0662e85818"",""src/extract_bench/inference/providers/extract/jev/variant_router.py"":""eba0c6713fb54140a56c1e24ead76051f7998d9a5a53c40d68ad4dae7c229066"",""src/extract_bench/inference/providers/extract/jev/variant_rowrepair.py"":""0c65f35f02d2f33d96070fa8828a755ffd481e37d3053a937af59a735a666db3"",""src/extract_bench/inference/providers/extract/jev/variant_tables.py"":""540a3c3f382eec8115c50bf05a4e726c9453e378828cefbf359ea7c380a55c95"",""src/extract_bench/inference/providers/extract/jev_provider.py"":""b1ff1d5eb1cef3b4fc3fba01266d45850133f4c2c1ab9bcc3465fcf97c3ac8f7"",""src/extract_bench/inference/providers/extract/table_codegen/schema_utils.py"":""0d142666f01b497c2b17beba54200f2b3f9efeba92c7ee51ec90b6bd1543f075""}","{""pdf_sha256"":""22511db4eda31b6cba04e88fc8732c47e00d191d81cc9468c4e1366214f4901a"",""schema_sha256"":""7ad6ae99b204297b28920683d028ff9ef71b35a455b7a34a7f2363fd474d5d45""}",a64cd7b2e55996aea8905cd59cc878668b55a9ef31f5f9aa339a9e68a5be16a1,d03a597fe5ac530a818d125d99fbd8756609ee141aaffbdce0777f6873f5a4eb,0.560312465023553,0.7212389380530974,0.7494252873563217,0.7799043062200957,0.7212389380530974,0.75,0.0,0.0,0.0,0.0,0.0,0.0,0.26400662378487366,0.08704850866098578,0.34285714285714286,0.19047619047619047,0.7183098591549296,0.5684931506849316,0.7534246575342466,0.09090909090909091,0.3,0.05357142857142857,0.32167832167832167,0.7540983606557377,0.20444444444444446,0.8229885057471265,0.8564593301435407,0.7920353982300885
router_development,baker_hughes_earnings_deck_q4fy25,dev,medium,25,typesafe/jev-1.13,2.14.4,0.00995685600000001,83,,,"{""learning/jev/run.py"":""17069eac4359c20ce119c195dcc937028f6dc6806cd5ed94d77fd43afcaf2a80"",""src/extract_bench/inference/providers/extract/jev/__init__.py"":""56172964a8506bc66b4cf6917d105c52425ef080f644d107e72e1ad0fbc4d25b"",""src/extract_bench/inference/providers/extract/jev/citations.py"":""20805eed9e4607027560786e22f56ad1cccaa64d6a5c5315fae3dac92f5518bc"",""src/extract_bench/inference/providers/extract/jev/client.py"":""beb1a61abb4b88e0c376f51442ced7df794dcaba9976c360914bef744220cd35"",""src/extract_bench/inference/providers/extract/jev/parser.py"":""bfe6db7e59a7c887901bb07c0db0a378b95342cb3f9b526b2bb435fb75486535"",""src/extract_bench/inference/providers/extract/jev/variant_anchors.py"":""f217f96ef5db468e0aa5e07047ac31528fd678174ce2112e83b4a8df8d9fbc11"",""src/extract_bench/inference/providers/extract/jev/variant_boundaries.py"":""5459a351a81ecd7629ad57d8d310f35a190cf288f551b97e09c110406413c980"",""src/extract_bench/inference/providers/extract/jev/variant_compact.py"":""2c6391fe6262f575decc967a3202b00d1d1dcbcd639fe7546dfa152a7b4fd666"",""src/extract_bench/inference/providers/extract/jev/variant_consensus.py"":""40180b7093440c4833d53472002cc172e0133de1217b77ee63d223f40206cfe8"",""src/extract_bench/inference/providers/extract/jev/variant_fields.py"":""9a21e0920e98714a567ddc9394349f7978692ed380bce208dcbfd20044104597"",""src/extract_bench/inference/providers/extract/jev/variant_geometric.py"":""4b37ff54d32db9b70c311ee5f70a70eeddd120d611b5c1fc323b19d7248087df"",""src/extract_bench/inference/providers/extract/jev/variant_hierarchical.py"":""d786f7feecbf31c06ef8099be47e57958c37280d71705e05384234eb304c3d38"",""src/extract_bench/inference/providers/extract/jev/variant_hybrid.py"":""846b51de513c32a0af92e981da99119840b8ebaa3604912d144459f8617a3cda"",""src/extract_bench/inference/providers/extract/jev/variant_localized.py"":""9739b688b0c6298c84a453bd37a17622854dff66031584fa4007b872183c1f32"",""src/extract_bench/inference/providers/extract/jev/variant_multipage.py"":""8039f13cb57506671951878d63a32c0dd3a4c123c87f649a0a48ab0662e85818"",""src/extract_bench/inference/providers/extract/jev/variant_router.py"":""eba0c6713fb54140a56c1e24ead76051f7998d9a5a53c40d68ad4dae7c229066"",""src/extract_bench/inference/providers/extract/jev/variant_rowrepair.py"":""0c65f35f02d2f33d96070fa8828a755ffd481e37d3053a937af59a735a666db3"",""src/extract_bench/inference/providers/extract/jev/variant_tables.py"":""540a3c3f382eec8115c50bf05a4e726c9453e378828cefbf359ea7c380a55c95"",""src/extract_bench/inference/providers/extract/jev_provider.py"":""b1ff1d5eb1cef3b4fc3fba01266d45850133f4c2c1ab9bcc3465fcf97c3ac8f7"",""src/extract_bench/inference/providers/extract/table_codegen/schema_utils.py"":""0d142666f01b497c2b17beba54200f2b3f9efeba92c7ee51ec90b6bd1543f075""}","{""pdf_sha256"":""0aacb98fdb9ee986940f4b1c348f403acfaa42d32621a22909c6f3abb0f75f8f"",""schema_sha256"":""9c44694c086d54a67e6f397dc2ed9f7c103738a4de5811d0395bba71a6261338""}",415ca9ef7979ea5a5a15bf4d828c9c8d7312a7cc776092fd322ed64fe39c5586,ee41a67e415003dd36c79ba007536b181665045266ca7e46dcbe322e61c7a838,0.41012353243304733,0.4,0.07582938388625593,0.041884816753926704,0.4,29.5,0.0,0.0,0.0,0.0,0.0,0.0,,,,,0.08333333333333333,0.2857142857142857,0.42857142857142855,,,,0.5,0.5,0.5,0.09478672985781991,0.05235602094240838,0.5
router_development,ccc_online_0012_chubb_dodge_durango_corrupted,dev,medium,17,typesafe/jev-1.13,2.14.4,0.006032166,21,,,"{""learning/jev/run.py"":""17069eac4359c20ce119c195dcc937028f6dc6806cd5ed94d77fd43afcaf2a80"",""src/extract_bench/inference/providers/extract/jev/__init__.py"":""56172964a8506bc66b4cf6917d105c52425ef080f644d107e72e1ad0fbc4d25b"",""src/extract_bench/inference/providers/extract/jev/citations.py"":""4144e688671ea5cacf65bfc08e94760cabb8f2edd203b378cdbf66ca9bcb510e"",""src/extract_bench/inference/providers/extract/jev/client.py"":""beb1a61abb4b88e0c376f51442ced7df794dcaba9976c360914bef744220cd35"",""src/extract_bench/inference/providers/extract/jev/parser.py"":""bfe6db7e59a7c887901bb07c0db0a378b95342cb3f9b526b2bb435fb75486535"",""src/extract_bench/inference/providers/extract/jev/variant_anchors.py"":""f217f96ef5db468e0aa5e07047ac31528fd678174ce2112e83b4a8df8d9fbc11"",""src/extract_bench/inference/providers/extract/jev/variant_boundaries.py"":""5459a351a81ecd7629ad57d8d310f35a190cf288f551b97e09c110406413c980"",""src/extract_bench/inference/providers/extract/jev/variant_compact.py"":""2c6391fe6262f575decc967a3202b00d1d1dcbcd639fe7546dfa152a7b4fd666"",""src/extract_bench/inference/providers/extract/jev/variant_consensus.py"":""40180b7093440c4833d53472002cc172e0133de1217b77ee63d223f40206cfe8"",""src/extract_bench/inference/providers/extract/jev/variant_fields.py"":""9a21e0920e98714a567ddc9394349f7978692ed380bce208dcbfd20044104597"",""src/extract_bench/inference/providers/extract/jev/variant_geometric.py"":""4b37ff54d32db9b70c311ee5f70a70eeddd120d611b5c1fc323b19d7248087df"",""src/extract_bench/inference/providers/extract/jev/variant_hierarchical.py"":""d786f7feecbf31c06ef8099be47e57958c37280d71705e05384234eb304c3d38"",""src/extract_bench/inference/providers/extract/jev/variant_hybrid.py"":""846b51de513c32a0af92e981da99119840b8ebaa3604912d144459f8617a3cda"",""src/extract_bench/inference/providers/extract/jev/variant_localized.py"":""9739b688b0c6298c84a453bd37a17622854dff66031584fa4007b872183c1f32"",""src/extract_bench/inference/providers/extract/jev/variant_multipage.py"":""8039f13cb57506671951878d63a32c0dd3a4c123c87f649a0a48ab0662e85818"",""src/extract_bench/inference/providers/extract/jev/variant_router.py"":""eba0c6713fb54140a56c1e24ead76051f7998d9a5a53c40d68ad4dae7c229066"",""src/extract_bench/inference/providers/extract/jev/variant_rowrepair.py"":""0c65f35f02d2f33d96070fa8828a755ffd481e37d3053a937af59a735a666db3"",""src/extract_bench/inference/providers/extract/jev/variant_tables.py"":""540a3c3f382eec8115c50bf05a4e726c9453e378828cefbf359ea7c380a55c95"",""src/extract_bench/inference/providers/extract/jev_provider.py"":""b1ff1d5eb1cef3b4fc3fba01266d45850133f4c2c1ab9bcc3465fcf97c3ac8f7"",""src/extract_bench/inference/providers/extract/table_codegen/schema_utils.py"":""0d142666f01b497c2b17beba54200f2b3f9efeba92c7ee51ec90b6bd1543f075""}","{""pdf_sha256"":""3b36e3cc0c65b1bfa82bc668ac92ea4c7b0bd40fb42640cd155af4877157cba1"",""schema_sha256"":""97bc56fc0019939b8f89e45349601a7d6962f7f15b962b6ed32b8aa0c43e1939""}",213c906e7c85fae179ccf0f100bed4e15f1d0b864fb78dd8233aadbdbbe5f1ea,796959d89f74e7436dfc9f78d8e9cf4e070457834f57236c0531bce561718006,0.17000483192434804,0.16260162601626016,0.2185792349726776,0.3333333333333333,0.16260162601626016,0.3333333333333333,0.0,0.0,0.0,0.0,0.0,0.0,,,,,0.0,0.047619047619047616,0.19047619047619047,,,,0.0,0.0,0.0,0.2185792349726776,0.3333333333333333,0.16260162601626016
router_development,cfpb_closing-disclosure_filled-sample_corrupted,dev,short,5,typesafe/jev-1.13,2.14.4,0.011197284000000002,43,,,"{""learning/jev/run.py"":""17069eac4359c20ce119c195dcc937028f6dc6806cd5ed94d77fd43afcaf2a80"",""src/extract_bench/inference/providers/extract/jev/__init__.py"":""56172964a8506bc66b4cf6917d105c52425ef080f644d107e72e1ad0fbc4d25b"",""src/extract_bench/inference/providers/extract/jev/citations.py"":""4144e688671ea5cacf65bfc08e94760cabb8f2edd203b378cdbf66ca9bcb510e"",""src/extract_bench/inference/providers/extract/jev/client.py"":""beb1a61abb4b88e0c376f51442ced7df794dcaba9976c360914bef744220cd35"",""src/extract_bench/inference/providers/extract/jev/parser.py"":""bfe6db7e59a7c887901bb07c0db0a378b95342cb3f9b526b2bb435fb75486535"",""src/extract_bench/inference/providers/extract/jev/variant_anchors.py"":""f217f96ef5db468e0aa5e07047ac31528fd678174ce2112e83b4a8df8d9fbc11"",""src/extract_bench/inference/providers/extract/jev/variant_boundaries.py"":""5459a351a81ecd7629ad57d8d310f35a190cf288f551b97e09c110406413c980"",""src/extract_bench/inference/providers/extract/jev/variant_compact.py"":""2c6391fe6262f575decc967a3202b00d1d1dcbcd639fe7546dfa152a7b4fd666"",""src/extract_bench/inference/providers/extract/jev/variant_consensus.py"":""40180b7093440c4833d53472002cc172e0133de1217b77ee63d223f40206cfe8"",""src/extract_bench/inference/providers/extract/jev/variant_fields.py"":""9a21e0920e98714a567ddc9394349f7978692ed380bce208dcbfd20044104597"",""src/extract_bench/inference/providers/extract/jev/variant_geometric.py"":""4b37ff54d32db9b70c311ee5f70a70eeddd120d611b5c1fc323b19d7248087df"",""src/extract_bench/inference/providers/extract/jev/variant_hierarchical.py"":""d786f7feecbf31c06ef8099be47e57958c37280d71705e05384234eb304c3d38"",""src/extract_bench/inference/providers/extract/jev/variant_hybrid.py"":""846b51de513c32a0af92e981da99119840b8ebaa3604912d144459f8617a3cda"",""src/extract_bench/inference/providers/extract/jev/variant_localized.py"":""9739b688b0c6298c84a453bd37a17622854dff66031584fa4007b872183c1f32"",""src/extract_bench/inference/providers/extract/jev/variant_multipage.py"":""8039f13cb57506671951878d63a32c0dd3a4c123c87f649a0a48ab0662e85818"",""src/extract_bench/inference/providers/extract/jev/variant_router.py"":""eba0c6713fb54140a56c1e24ead76051f7998d9a5a53c40d68ad4dae7c229066"",""src/extract_bench/inference/providers/extract/jev/variant_rowrepair.py"":""0c65f35f02d2f33d96070fa8828a755ffd481e37d3053a937af59a735a666db3"",""src/extract_bench/inference/providers/extract/jev/variant_tables.py"":""540a3c3f382eec8115c50bf05a4e726c9453e378828cefbf359ea7c380a55c95"",""src/extract_bench/inference/providers/extract/jev_provider.py"":""b1ff1d5eb1cef3b4fc3fba01266d45850133f4c2c1ab9bcc3465fcf97c3ac8f7"",""src/extract_bench/inference/providers/extract/table_codegen/schema_utils.py"":""0d142666f01b497c2b17beba54200f2b3f9efeba92c7ee51ec90b6bd1543f075""}","{""pdf_sha256"":""257964ee735970ddf25d6dd56b3e34af80fcca8c473f9cc79eb8388ea253bc7b"",""schema_sha256"":""166b66fcdeba068088c5d867c232204bbff04cd0b3bac9badabaa4f95e0d655e""}",e9ce37c8ab882a488f705fe0461da443daf2c0d4662dee9960fec3356df409b7,0fef951cb3839c6fd8cd2ebc4a1d299e10d6fe1e7a422e0f219db08a9a3a6e86,0.1259708993568102,0.12580645161290321,0.19117647058823525,0.3979591836734694,0.12580645161290321,0.3157894736842105,0.0,0.0,0.0,0.0,0.0,0.0,,,,,0.0,0.01597444089456869,0.15654952076677317,,,,,,,0.19117647058823525,0.3979591836734694,0.12580645161290321
router_development,gsa_mas_it_labor_0010,dev,medium,15,typesafe/jev-1.13,2.14.4,0.001528002,4,,,"{""learning/jev/run.py"":""17069eac4359c20ce119c195dcc937028f6dc6806cd5ed94d77fd43afcaf2a80"",""src/extract_bench/inference/providers/extract/jev/__init__.py"":""56172964a8506bc66b4cf6917d105c52425ef080f644d107e72e1ad0fbc4d25b"",""src/extract_bench/inference/providers/extract/jev/citations.py"":""20805eed9e4607027560786e22f56ad1cccaa64d6a5c5315fae3dac92f5518bc"",""src/extract_bench/inference/providers/extract/jev/client.py"":""beb1a61abb4b88e0c376f51442ced7df794dcaba9976c360914bef744220cd35"",""src/extract_bench/inference/providers/extract/jev/parser.py"":""bfe6db7e59a7c887901bb07c0db0a378b95342cb3f9b526b2bb435fb75486535"",""src/extract_bench/inference/providers/extract/jev/variant_anchors.py"":""f217f96ef5db468e0aa5e07047ac31528fd678174ce2112e83b4a8df8d9fbc11"",""src/extract_bench/inference/providers/extract/jev/variant_boundaries.py"":""5459a351a81ecd7629ad57d8d310f35a190cf288f551b97e09c110406413c980"",""src/extract_bench/inference/providers/extract/jev/variant_compact.py"":""2c6391fe6262f575decc967a3202b00d1d1dcbcd639fe7546dfa152a7b4fd666"",""src/extract_bench/inference/providers/extract/jev/variant_consensus.py"":""40180b7093440c4833d53472002cc172e0133de1217b77ee63d223f40206cfe8"",""src/extract_bench/inference/providers/extract/jev/variant_fields.py"":""9a21e0920e98714a567ddc9394349f7978692ed380bce208dcbfd20044104597"",""src/extract_bench/inference/providers/extract/jev/variant_geometric.py"":""4b37ff54d32db9b70c311ee5f70a70eeddd120d611b5c1fc323b19d7248087df"",""src/extract_bench/inference/providers/extract/jev/variant_hierarchical.py"":""d786f7feecbf31c06ef8099be47e57958c37280d71705e05384234eb304c3d38"",""src/extract_bench/inference/providers/extract/jev/variant_hybrid.py"":""846b51de513c32a0af92e981da99119840b8ebaa3604912d144459f8617a3cda"",""src/extract_bench/inference/providers/extract/jev/variant_localized.py"":""9739b688b0c6298c84a453bd37a17622854dff66031584fa4007b872183c1f32"",""src/extract_bench/inference/providers/extract/jev/variant_multipage.py"":""8039f13cb57506671951878d63a32c0dd3a4c123c87f649a0a48ab0662e85818"",""src/extract_bench/inference/providers/extract/jev/variant_router.py"":""eba0c6713fb54140a56c1e24ead76051f7998d9a5a53c40d68ad4dae7c229066"",""src/extract_bench/inference/providers/extract/jev/variant_rowrepair.py"":""0c65f35f02d2f33d96070fa8828a755ffd481e37d3053a937af59a735a666db3"",""src/extract_bench/inference/providers/extract/jev/variant_tables.py"":""540a3c3f382eec8115c50bf05a4e726c9453e378828cefbf359ea7c380a55c95"",""src/extract_bench/inference/providers/extract/jev_provider.py"":""b1ff1d5eb1cef3b4fc3fba01266d45850133f4c2c1ab9bcc3465fcf97c3ac8f7"",""src/extract_bench/inference/providers/extract/table_codegen/schema_utils.py"":""0d142666f01b497c2b17beba54200f2b3f9efeba92c7ee51ec90b6bd1543f075""}","{""pdf_sha256"":""f635fa705077b35a36859509c0094cf6a17f1bd6d29c830bced79183ddc3be58"",""schema_sha256"":""27a32c93f440da9aaa09878c85e8185c47eef79f2d42843d4ff878498bf7a573""}",318ee49adaa76ee7094e5504eeb18ea41ec29a478be07d0c31aba6fd39ad3eac,fbaa68222dfe45523f29e0b5e3d0016b9bc27eba2535fd680f547d6885504852,0.04764309764309764,0.42424242424242425,0.4242424242424243,0.42424242424242425,0.42424242424242425,1.0,0.0,0.0,0.0,0.0,0.0,0.0,,,,,0.0,0.0,0.48484848484848486,,,,,,,0.4242424242424243,0.42424242424242425,0.42424242424242425
router_development,mcdonalds_receipt_chicago_documentcloud,dev,short,1,typesafe/jev-1.13,2.14.4,0.0016318260000000003,8,,,"{""learning/jev/run.py"":""17069eac4359c20ce119c195dcc937028f6dc6806cd5ed94d77fd43afcaf2a80"",""src/extract_bench/inference/providers/extract/jev/__init__.py"":""56172964a8506bc66b4cf6917d105c52425ef080f644d107e72e1ad0fbc4d25b"",""src/extract_bench/inference/providers/extract/jev/citations.py"":""4144e688671ea5cacf65bfc08e94760cabb8f2edd203b378cdbf66ca9bcb510e"",""src/extract_bench/inference/providers/extract/jev/client.py"":""beb1a61abb4b88e0c376f51442ced7df794dcaba9976c360914bef744220cd35"",""src/extract_bench/inference/providers/extract/jev/parser.py"":""bfe6db7e59a7c887901bb07c0db0a378b95342cb3f9b526b2bb435fb75486535"",""src/extract_bench/inference/providers/extract/jev/variant_anchors.py"":""f217f96ef5db468e0aa5e07047ac31528fd678174ce2112e83b4a8df8d9fbc11"",""src/extract_bench/inference/providers/extract/jev/variant_boundaries.py"":""5459a351a81ecd7629ad57d8d310f35a190cf288f551b97e09c110406413c980"",""src/extract_bench/inference/providers/extract/jev/variant_compact.py"":""2c6391fe6262f575decc967a3202b00d1d1dcbcd639fe7546dfa152a7b4fd666"",""src/extract_bench/inference/providers/extract/jev/variant_consensus.py"":""40180b7093440c4833d53472002cc172e0133de1217b77ee63d223f40206cfe8"",""src/extract_bench/inference/providers/extract/jev/variant_fields.py"":""9a21e0920e98714a567ddc9394349f7978692ed380bce208dcbfd20044104597"",""src/extract_bench/inference/providers/extract/jev/variant_geometric.py"":""4b37ff54d32db9b70c311ee5f70a70eeddd120d611b5c1fc323b19d7248087df"",""src/extract_bench/inference/providers/extract/jev/variant_hierarchical.py"":""d786f7feecbf31c06ef8099be47e57958c37280d71705e05384234eb304c3d38"",""src/extract_bench/inference/providers/extract/jev/variant_hybrid.py"":""846b51de513c32a0af92e981da99119840b8ebaa3604912d144459f8617a3cda"",""src/extract_bench/inference/providers/extract/jev/variant_localized.py"":""9739b688b0c6298c84a453bd37a17622854dff66031584fa4007b872183c1f32"",""src/extract_bench/inference/providers/extract/jev/variant_multipage.py"":""8039f13cb57506671951878d63a32c0dd3a4c123c87f649a0a48ab0662e85818"",""src/extract_bench/inference/providers/extract/jev/variant_router.py"":""eba0c6713fb54140a56c1e24ead76051f7998d9a5a53c40d68ad4dae7c229066"",""src/extract_bench/inference/providers/extract/jev/variant_rowrepair.py"":""0c65f35f02d2f33d96070fa8828a755ffd481e37d3053a937af59a735a666db3"",""src/extract_bench/inference/providers/extract/jev/variant_tables.py"":""540a3c3f382eec8115c50bf05a4e726c9453e378828cefbf359ea7c380a55c95"",""src/extract_bench/inference/providers/extract/jev_provider.py"":""b1ff1d5eb1cef3b4fc3fba01266d45850133f4c2c1ab9bcc3465fcf97c3ac8f7"",""src/extract_bench/inference/providers/extract/table_codegen/schema_utils.py"":""0d142666f01b497c2b17beba54200f2b3f9efeba92c7ee51ec90b6bd1543f075""}","{""pdf_sha256"":""7733dfb56fe7f3b58d5f9070463d1f9341a44794f871c5aaacccb6278ac5ddd6"",""schema_sha256"":""0b8525756617e8df86ef0599fb3b7b4a3c81a9cab45d9e6dd38fe11c51473d84""}",1c485afe8c6059f00108466842a8c99edd1f6b46810ad108a04858f75432a10b,484a959325f5b70cb67a1ce8f377e3e09233e7d60d8b4816684423f431b187da,0.21284503793889456,0.4117647058823529,0.43749999999999994,0.4666666666666667,0.4117647058823529,0.8333333333333334,0.0,0.0,0.0,0.0,0.0,0.0,,,,,0.0,0.18181818181818182,0.38181818181818183,,,,,,,0.4509803921568628,0.4791666666666667,0.42592592592592593
router_development,ms_medicaid_ra_adjustments_corrupted,dev,short,4,typesafe/jev-1.13,2.14.4,0.001118628,4,,,"{""learning/jev/run.py"":""17069eac4359c20ce119c195dcc937028f6dc6806cd5ed94d77fd43afcaf2a80"",""src/extract_bench/inference/providers/extract/jev/__init__.py"":""56172964a8506bc66b4cf6917d105c52425ef080f644d107e72e1ad0fbc4d25b"",""src/extract_bench/inference/providers/extract/jev/citations.py"":""4144e688671ea5cacf65bfc08e94760cabb8f2edd203b378cdbf66ca9bcb510e"",""src/extract_bench/inference/providers/extract/jev/client.py"":""beb1a61abb4b88e0c376f51442ced7df794dcaba9976c360914bef744220cd35"",""src/extract_bench/inference/providers/extract/jev/parser.py"":""bfe6db7e59a7c887901bb07c0db0a378b95342cb3f9b526b2bb435fb75486535"",""src/extract_bench/inference/providers/extract/jev/variant_anchors.py"":""f217f96ef5db468e0aa5e07047ac31528fd678174ce2112e83b4a8df8d9fbc11"",""src/extract_bench/inference/providers/extract/jev/variant_boundaries.py"":""5459a351a81ecd7629ad57d8d310f35a190cf288f551b97e09c110406413c980"",""src/extract_bench/inference/providers/extract/jev/variant_compact.py"":""2c6391fe6262f575decc967a3202b00d1d1dcbcd639fe7546dfa152a7b4fd666"",""src/extract_bench/inference/providers/extract/jev/variant_consensus.py"":""40180b7093440c4833d53472002cc172e0133de1217b77ee63d223f40206cfe8"",""src/extract_bench/inference/providers/extract/jev/variant_fields.py"":""9a21e0920e98714a567ddc9394349f7978692ed380bce208dcbfd20044104597"",""src/extract_bench/inference/providers/extract/jev/variant_geometric.py"":""4b37ff54d32db9b70c311ee5f70a70eeddd120d611b5c1fc323b19d7248087df"",""src/extract_bench/inference/providers/extract/jev/variant_hierarchical.py"":""d786f7feecbf31c06ef8099be47e57958c37280d71705e05384234eb304c3d38"",""src/extract_bench/inference/providers/extract/jev/variant_hybrid.py"":""846b51de513c32a0af92e981da99119840b8ebaa3604912d144459f8617a3cda"",""src/extract_bench/inference/providers/extract/jev/variant_localized.py"":""9739b688b0c6298c84a453bd37a17622854dff66031584fa4007b872183c1f32"",""src/extract_bench/inference/providers/extract/jev/variant_multipage.py"":""8039f13cb57506671951878d63a32c0dd3a4c123c87f649a0a48ab0662e85818"",""src/extract_bench/inference/providers/extract/jev/variant_router.py"":""eba0c6713fb54140a56c1e24ead76051f7998d9a5a53c40d68ad4dae7c229066"",""src/extract_bench/inference/providers/extract/jev/variant_rowrepair.py"":""0c65f35f02d2f33d96070fa8828a755ffd481e37d3053a937af59a735a666db3"",""src/extract_bench/inference/providers/extract/jev/variant_tables.py"":""540a3c3f382eec8115c50bf05a4e726c9453e378828cefbf359ea7c380a55c95"",""src/extract_bench/inference/providers/extract/jev_provider.py"":""b1ff1d5eb1cef3b4fc3fba01266d45850133f4c2c1ab9bcc3465fcf97c3ac8f7"",""src/extract_bench/inference/providers/extract/table_codegen/schema_utils.py"":""0d142666f01b497c2b17beba54200f2b3f9efeba92c7ee51ec90b6bd1543f075""}","{""pdf_sha256"":""9b17b95061663faaa627a2fb38558cc2a4e030a7e9669755b1e0e2792a83bf4e"",""schema_sha256"":""13eaa707b5ac17f2c0deef4667980b1ee49b2113f51f1c5eabdf266e4b1b5db5""}",9c1e46b8bfa3539007e59318907316cc983da52540a4fd3fbd32ba70b1a16254,c4a4814d16e4959753e6acd803279451117dad8a2517cd94ce7c7989a61625c9,0.03955375253549697,0.1896551724137931,0.14473684210526316,0.11702127659574468,0.1896551724137931,1.6,0.0,0.0,0.0,0.0,0.0,0.0,,,,,0.0,0.11475409836065574,0.16393442622950818,,,,,,,0.14473684210526316,0.11702127659574468,0.1896551724137931
router_development,sec_13f_0026_brown_brothers_harriman,dev,long,55,typesafe/jev-1.13,2.14.4,0.04364480399999996,180,,,"{""learning/jev/run.py"":""17069eac4359c20ce119c195dcc937028f6dc6806cd5ed94d77fd43afcaf2a80"",""src/extract_bench/inference/providers/extract/jev/__init__.py"":""56172964a8506bc66b4cf6917d105c52425ef080f644d107e72e1ad0fbc4d25b"",""src/extract_bench/inference/providers/extract/jev/citations.py"":""20805eed9e4607027560786e22f56ad1cccaa64d6a5c5315fae3dac92f5518bc"",""src/extract_bench/inference/providers/extract/jev/client.py"":""beb1a61abb4b88e0c376f51442ced7df794dcaba9976c360914bef744220cd35"",""src/extract_bench/inference/providers/extract/jev/parser.py"":""bfe6db7e59a7c887901bb07c0db0a378b95342cb3f9b526b2bb435fb75486535"",""src/extract_bench/inference/providers/extract/jev/variant_anchors.py"":""f217f96ef5db468e0aa5e07047ac31528fd678174ce2112e83b4a8df8d9fbc11"",""src/extract_bench/inference/providers/extract/jev/variant_boundaries.py"":""5459a351a81ecd7629ad57d8d310f35a190cf288f551b97e09c110406413c980"",""src/extract_bench/inference/providers/extract/jev/variant_compact.py"":""2c6391fe6262f575decc967a3202b00d1d1dcbcd639fe7546dfa152a7b4fd666"",""src/extract_bench/inference/providers/extract/jev/variant_consensus.py"":""40180b7093440c4833d53472002cc172e0133de1217b77ee63d223f40206cfe8"",""src/extract_bench/inference/providers/extract/jev/variant_fields.py"":""9a21e0920e98714a567ddc9394349f7978692ed380bce208dcbfd20044104597"",""src/extract_bench/inference/providers/extract/jev/variant_geometric.py"":""4b37ff54d32db9b70c311ee5f70a70eeddd120d611b5c1fc323b19d7248087df"",""src/extract_bench/inference/providers/extract/jev/variant_hierarchical.py"":""d786f7feecbf31c06ef8099be47e57958c37280d71705e05384234eb304c3d38"",""src/extract_bench/inference/providers/extract/jev/variant_hybrid.py"":""846b51de513c32a0af92e981da99119840b8ebaa3604912d144459f8617a3cda"",""src/extract_bench/inference/providers/extract/jev/variant_localized.py"":""9739b688b0c6298c84a453bd37a17622854dff66031584fa4007b872183c1f32"",""src/extract_bench/inference/providers/extract/jev/variant_multipage.py"":""8039f13cb57506671951878d63a32c0dd3a4c123c87f649a0a48ab0662e85818"",""src/extract_bench/inference/providers/extract/jev/variant_router.py"":""eba0c6713fb54140a56c1e24ead76051f7998d9a5a53c40d68ad4dae7c229066"",""src/extract_bench/inference/providers/extract/jev/variant_rowrepair.py"":""0c65f35f02d2f33d96070fa8828a755ffd481e37d3053a937af59a735a666db3"",""src/extract_bench/inference/providers/extract/jev/variant_tables.py"":""540a3c3f382eec8115c50bf05a4e726c9453e378828cefbf359ea7c380a55c95"",""src/extract_bench/inference/providers/extract/jev_provider.py"":""b1ff1d5eb1cef3b4fc3fba01266d45850133f4c2c1ab9bcc3465fcf97c3ac8f7"",""src/extract_bench/inference/providers/extract/table_codegen/schema_utils.py"":""0d142666f01b497c2b17beba54200f2b3f9efeba92c7ee51ec90b6bd1543f075""}","{""pdf_sha256"":""4787d70ca373866d0e595f923c9305d0759e63f7dd7128e070b78efbf3632283"",""schema_sha256"":""213162a02c73274888105e01841954b374bf7e76f4b89a13bd4012e54d267862""}",41a0ec74322300ea9b376481ea0ffd657dba8a6b54a0e4d5d058e16fdcf288a2,dcd6ea1bd64f49e81e59df85a9de19cca8b40a40238b5af291c240f65032587d,0.036327965253258744,0.8008221993833504,0.796768750958638,0.7927561298199206,0.8008221993833504,1.010175240248728,0.0,0.0,0.0,0.0,0.0,0.0,0.21968985340690325,0.0082234156274967,0.3182750336907482,0.014941114431358763,0.46749576031656304,0.5074789112096704,0.5243934255152622,0.2747634219411289,0.7291771832407875,0.1692740376164528,0.834583645911478,0.8944723618090452,0.7822112849358411,0.8259571706683972,0.8217975206611571,0.8301591442734151
router_development,utah_fleet_rate_schedule_fy2024,dev,short,2,typesafe/jev-1.13,2.14.4,0.000794094,4,,,"{""learning/jev/run.py"":""17069eac4359c20ce119c195dcc937028f6dc6806cd5ed94d77fd43afcaf2a80"",""src/extract_bench/inference/providers/extract/jev/__init__.py"":""56172964a8506bc66b4cf6917d105c52425ef080f644d107e72e1ad0fbc4d25b"",""src/extract_bench/inference/providers/extract/jev/citations.py"":""4144e688671ea5cacf65bfc08e94760cabb8f2edd203b378cdbf66ca9bcb510e"",""src/extract_bench/inference/providers/extract/jev/client.py"":""beb1a61abb4b88e0c376f51442ced7df794dcaba9976c360914bef744220cd35"",""src/extract_bench/inference/providers/extract/jev/parser.py"":""bfe6db7e59a7c887901bb07c0db0a378b95342cb3f9b526b2bb435fb75486535"",""src/extract_bench/inference/providers/extract/jev/variant_anchors.py"":""f217f96ef5db468e0aa5e07047ac31528fd678174ce2112e83b4a8df8d9fbc11"",""src/extract_bench/inference/providers/extract/jev/variant_boundaries.py"":""5459a351a81ecd7629ad57d8d310f35a190cf288f551b97e09c110406413c980"",""src/extract_bench/inference/providers/extract/jev/variant_compact.py"":""2c6391fe6262f575decc967a3202b00d1d1dcbcd639fe7546dfa152a7b4fd666"",""src/extract_bench/inference/providers/extract/jev/variant_consensus.py"":""40180b7093440c4833d53472002cc172e0133de1217b77ee63d223f40206cfe8"",""src/extract_bench/inference/providers/extract/jev/variant_fields.py"":""9a21e0920e98714a567ddc9394349f7978692ed380bce208dcbfd20044104597"",""src/extract_bench/inference/providers/extract/jev/variant_geometric.py"":""4b37ff54d32db9b70c311ee5f70a70eeddd120d611b5c1fc323b19d7248087df"",""src/extract_bench/inference/providers/extract/jev/variant_hierarchical.py"":""d786f7feecbf31c06ef8099be47e57958c37280d71705e05384234eb304c3d38"",""src/extract_bench/inference/providers/extract/jev/variant_hybrid.py"":""846b51de513c32a0af92e981da99119840b8ebaa3604912d144459f8617a3cda"",""src/extract_bench/inference/providers/extract/jev/variant_localized.py"":""9739b688b0c6298c84a453bd37a17622854dff66031584fa4007b872183c1f32"",""src/extract_bench/inference/providers/extract/jev/variant_multipage.py"":""8039f13cb57506671951878d63a32c0dd3a4c123c87f649a0a48ab0662e85818"",""src/extract_bench/inference/providers/extract/jev/variant_router.py"":""eba0c6713fb54140a56c1e24ead76051f7998d9a5a53c40d68ad4dae7c229066"",""src/extract_bench/inference/providers/extract/jev/variant_rowrepair.py"":""0c65f35f02d2f33d96070fa8828a755ffd481e37d3053a937af59a735a666db3"",""src/extract_bench/inference/providers/extract/jev/variant_tables.py"":""540a3c3f382eec8115c50bf05a4e726c9453e378828cefbf359ea7c380a55c95"",""src/extract_bench/inference/providers/extract/jev_provider.py"":""b1ff1d5eb1cef3b4fc3fba01266d45850133f4c2c1ab9bcc3465fcf97c3ac8f7"",""src/extract_bench/inference/providers/extract/table_codegen/schema_utils.py"":""0d142666f01b497c2b17beba54200f2b3f9efeba92c7ee51ec90b6bd1543f075""}","{""pdf_sha256"":""0b3841123954a66b6eec5cc0cd75c42c58910e6ac0558a65bdb21591af6bcc30"",""schema_sha256"":""8d2100fb3b42f63411a8a3e12b615f0247d4b2b50331a715a4fa980a6b54b23c""}",6b267d992dcd5c123f143f64643b18e2f0f690b5160a36413231cf9191ccf0f1,24201a502640171dad875f800817e48c5124df8e152e6cc3fcb380f48901582b,0.13833017077798862,0.13529411764705881,0.21296296296296297,0.5,0.13529411764705881,0.2619047619047619,0.0,0.0,0.0,0.0,0.0,0.0,,,,,0.0,0.0,0.14035087719298245,,,,,,,0.22222222222222218,0.5217391304347826,0.1411764705882353
